paper_id;authors;year;title;venue;doi;url;peer_reviewed;full_text_read;doi_verified;crop;country;region;scale;sensor;resolution;years;fields;features;indices;model;best_model;validation;val_random;val_spatial;val_field_out;val_year_out;val_external;r2;rmse;mae;metric_unit;uncertainty;explainability;code_available;data_available;limitations;compat_invicta;notes;verif_doi;verif_titulo_sim;verif_ano;verif_metricas;verif_obs
A-01;van Klompenburg T, Kassahun A, Catal C;2020;Crop yield prediction using machine learning: A systematic literature review;Computers and Electronics in Agriculture;10.1016/j.compag.2020.105709;https://research.wur.nl/en/publications/crop-yield-prediction-using-machine-learning-a-systematic-literat/;sim;abstract;sim;multiplas (revisao);nd;nd;nd;nd;nd;nd;revisao de 50 ML + 30 DL estudos;temperatura, chuva, tipo de solo;nd;ANN (ML) / CNN, LSTM, DNN (DL);nd - revisao nao aponta vencedor unico;nd;nd;nd;nd;nd;nd;;;;;nao;nao;nao;nao;revisao nao detalha lacunas especificas no texto aberto - estudos originais citam falta de series temporais mais longas;reusa - RF/ANN e features climaticas/solo ja sao a base do que a Invicta capta;567 estudos triados, 50 ML + 30 DL selecionados;ok;1.0;ok;sem_metrica;
A-02;Grinsztajn L, Oyallon E, Varoquaux G;2022;Why do tree-based models still outperform deep learning on tabular data?;NeurIPS 2022 Datasets and Benchmarks Track;10.48550/arXiv.2207.08815;https://arxiv.org/abs/2207.08815;sim;abstract;sim;nao_aplicavel (evidencia geral fora da agricultura);nd;nd;nd;nd;nd;nd;45 datasets tabulares diversos, ~10k amostras;nd;XGBoost e Random Forest vs MLP/ResNet e afins;arvores (XGBoost/Random Forest) em dados de porte medio;benchmark com busca extensiva de hiperparametros;nd;nao;nao;nao;nao;nao;;;;;nao;nao;nd;nd;nao explicitadas no abstract;reusa - reforca GBM (xgboost/lightgbm) como aposta antes de DL, compativel com stack Python CPU-only;evidencia geral nao agronomica, usada para responder a pergunta 2 do brief;ok;1.0;ok;sem_metrica;
A-03;Shahhosseini M, Hu G, Huber I, Archontoulis SV;2021;Coupling machine learning and crop modeling improves crop yield prediction in the US Corn Belt;Scientific Reports;10.1038/s41598-020-80820-1;https://www.nature.com/articles/s41598-020-80820-1;sim;completo;sim;milho;Estados Unidos;Illinois, Indiana, Iowa (US Corn Belt);municipio;nao_aplicavel (simulacao de cultura + clima/solo);grid APSIM 5 arcmin (~40 campos/condado);1984-2018 (35 anos);293 condados, ~10016 obs anuais;598 features (clima, solo, plantio, populacao) + 22 saidas do APSIM;nao_aplicavel;LR, LASSO, LightGBM, RF, XGBoost + 6 ensembles;Stacked Regression (hibrido com APSIM);CV 10-fold aleatoria + teste em anos especificos (2017-2018, 2012);sim;nao;nao;sim;nao;negativo em alguns modelos benchmark no ano 2012 (sem valor numerico unico);reducao de 7 a 20% no RMSE com hibrido (sem valor absoluto unico reportado);;kg/ha (RRMSE ate 6-7%);nao;parcial (importancia por permutacao);nd;nd;clima do ano de teste usado como input do APSIM (irrealista em producao) / falta de dados genotipicos publicos / dificuldade no ano de seca extrema 2012;infra_nova - exigiria acoplar/emular crop model (APSIM/DSSAT), custo alto vs ganho de 7-20% RMSE;hibrido crop-model+ML mais citado da literatura | tambem=C-15,G-10;ok;1.0;ok;confirmada_na_fonte;r2: A-modelos:A-03='negativo em alguns modelos benchmark no ano 2012 (sem valor numerico unico)' vs C-validacao:C-15='', rmse: A-modelos:A-03='reducao de 7 a 20% no RMSE com hibrido (sem valor absoluto unico reportado)' vs C-validacao:C-15='reducao de RMSE de 7-20% com hibrido vs ML puro, RRMSE minimo de 6-7% no melhor modelo hibrido', mae: A-modelos:A-03='' vs C-validacao:C-15='nd', metric_unit: A-modelos:A-03='kg/ha (RRMSE ate 6-7%)' vs C-validacao:C-15='RRMSE %', best_model: A-modelos:A-03='Stacked Regression (hibrido com APSIM)' vs C-validacao:C-15='ensemble hibrido ML+APSIM (stacked generalization)', validation: A-modelos:A-03='CV 10-fold aleatoria + teste em anos especificos (2017-2018, 2012)' vs C-validacao:C-15='Leave-One-Year-Out CV (2012 seca extrema, 2017, 2018)', r2: A-modelos:A-03='negativo em alguns modelos benchmark no ano 2012 (sem valor numerico unico)' vs G-dados-xai:G-10='', rmse: A-modelos:A-03='reducao de 7 a 20% no RMSE com hibrido (sem valor absoluto unico reportado)' vs G-dados-xai:G-10='883-1094 (hibrido 2018) / 959-1482 (benchmark 2018)', metric_unit: A-modelos:A-03='kg/ha (RRMSE ate 6-7%)' vs G-dados-xai:G-10='kg/ha', best_model: A-modelos:A-03='Stacked Regression (hibrido com APSIM)' vs G-dados-xai:G-10='ensembles hibridos (crop model + ML)', validation: A-modelos:A-03='CV 10-fold aleatoria + teste em anos especificos (2017-2018, 2012)' vs G-dados-xai:G-10='leave-one-year-out (2012, 2017, 2018 como teste) + 10-fold CV para hiperparametros'
A-04;Khaki S, Wang L;2019;Crop Yield Prediction Using Deep Neural Networks;Frontiers in Plant Science;10.3389/fpls.2019.00621;https://www.frontiersin.org/journals/plant-science/articles/10.3389/fpls.2019.00621/full;sim;completo;sim;milho;Estados Unidos;multiplos locais (2247 locais);talhao (ensaios de hibridos);nao_aplicavel (dados geneticos + solo + clima);nd;2008-2016 treino, 2017 alvo;2267 hibridos em 2247 locais, 142952 amostras treino, 5510 validacao;627 marcadores geneticos (pos-filtro) + 8 solo + 72 climaticas;nao_aplicavel;DNN, Lasso, SNN, Regression Tree;DNN;divisao treino-validacao sem sobreposicao hibrido-local;nao;nao;nd;sim;nao;81,91;12,79;;% da media do yield (unidade original nao detalhada no texto aberto);nao;nao (autores citam black box como limitacao);nd;nd (dataset restrito ao Syngenta Crop Challenge 2018);modelo black box dificulta hipoteses testaveis / sensivel a qualidade da previsao meteorologica;infra_nova - exige volume de dados geneticos/historico muito maior que o regime de 20-100 talhoes-safra da Invicta;DNN de 21 camadas superou Lasso/SNN/RegressionTree por grande margem com dataset ~26x maior que o do MVP Invicta | val_year_out(sim (2017 fora do treino));ok;1.0;ok;confirmada_na_fonte;
A-05;Huber F, Yushchenko A, Stratmann B, Steinhage V;2022;Extreme Gradient Boosting for Yield Estimation compared with Deep Learning Approaches;Computers and Electronics in Agriculture (preprint arXiv);10.1016/j.compag.2022.107346;https://arxiv.org/abs/2208.12633;sim;abstract;sim;soja;Estados Unidos;nd;nd;satelite (sensor nao especificado no abstract);nd;nd;nd;representacao tabular derivada de imagens de satelite (pipeline proprio), NIR destacado como feature importante;proximo do infravermelho (NIR);XGBoost vs modelos Deep Learning (nao nomeados no abstract);XGBoost;nd;nd;nd;nd;nd;nd;;;;;nao;sim (feature importance);nd;nd;motivam XGBoost citando volume de dados e natureza black-box do DL como restricoes;reusa - XGBoost sobre features tabulares de sensoriamento remoto cabe na stack Python CPU-only da Invicta;melhorias numericas (25-36% RMSE) aparecem so em fontes secundarias, NAO no texto verbatim aberto - por integridade nao entraram no CSV;ok;1.0;ok;sem_metrica;
A-06;Bi L, Wally O, Hu G, Tenuta AU, Kandel YR, Mueller DS;2023;A transformer-based approach for early prediction of soybean yield using time-series images;Frontiers in Plant Science;10.3389/fpls.2023.1173036;https://pmc.ncbi.nlm.nih.gov/articles/PMC10319415/;sim;completo;sim;soja;Canada;campos canadenses (provincia nao especificada);talhao (450 plots);camera handheld de alta resolucao (RGB);nd (sem grid definido);safra 2020 (imagens em 3 datas);450 plots em 3 campos;imagens segmentadas planta/solo + informacao de semente;nao_aplicavel (RGB segmentado, sem indices espectrais nomeados);ViT + transformer temporal (proposto) vs CNN-LR, CNN-LSTM, ViT-LSTM, ViT-T;proposto (ViT + transformer temporal + semente);split fixo 344/38/68 plots;nao;nao;nao;nao;nao;0,664;332,07;;kg/ha;nao;parcial (scores de atencao);nd;nd;duracao da serie temporal nao explorada / falta dados geneticos-edaficos adicionais / atencao calculada separadamente para imagem e serie;novo_barato - ViT sobre imagem bruta exige pipeline novo mas dataset pequeno (450 plots) e analogo ao regime de poucos talhoes da Invicta;unico estudo do eixo com CNN-LSTM vs ViT no mesmo dataset pequeno, com ViT vencendo (RMSE 332 vs 481 kg/ha) | val_year_out(nao (1 unica safra));ok;1.0;ok;confirmada_na_fonte;
A-07;Fan J, Bai J, Li Z, Ortiz-Bobea A, Gomes CP;2022;A GNN-RNN Approach for Harnessing Geospatial and Temporal Information: Application to Crop Yield Prediction;Proceedings of the AAAI Conference on Artificial Intelligence (AAAI-22);10.1609/aaai.v36i11.21444;https://ojs.aaai.org/index.php/AAAI/article/view/21444;sim;abstract;sim;multiplas (nao especificada no abstract);Estados Unidos;41 estados;municipio;nd;nd;1981-2019 (39 anos);mais de 2000 condados;geoespaciais + temporais (nao detalhado no abstract);nd;GNN-RNN;GNN-RNN (supera state-of-the-art segundo abstract);treino/validacao/teste (esquema exato nao detalhado);nd;sim;nd;nd;nd;;;;;nao;nao;nd;nd;nao explicitadas no texto aberto;infra_nova - GNN sobre milhares de condados/decadas nao se aplica ao regime de 20-100 talhoes-safra da Invicta (faltam nos para o grafo);maior volume espaco-temporal da amostra deste eixo (2000+ condados x 39 anos) | val_spatial(sim (grafo geoespacial entre condados));ok;1.0;ok;sem_metrica;
A-08;You J, Li X, Low M, Lobell D, Ermon S;2017;Deep Gaussian Process for Crop Yield Prediction Based on Remote Sensing Data;Proceedings of the AAAI Conference on Artificial Intelligence (AAAI-17);10.1609/aaai.v31i1.11172;https://aaai.org/papers/11172-aaai-31-2017/;sim;abstract;sim;soja;Estados Unidos;nd;municipio;sensoriamento remoto publico (satelite nao especificado);nd;nd;nd;histogramas de bandas (reducao de dimensionalidade);nd;CNN ou LSTM + Gaussian Process;pipeline CNN/LSTM + GP (supera tecnicas concorrentes segundo abstract);nd;nd;sim;nd;nd;nd;;;;;sim (GP fornece incerteza preditiva por construcao);nao;nd;nd;nao explicitadas no texto aberto;novo_barato - GP puro e CPU-viavel e da incerteza nativa, pode complementar a krigagem ja usada pela Invicta;destaca viabilidade de CNN/LSTM mesmo com poucos rotulos (labeled training data scarce) - sem numero verificavel nesta sessao | val_spatial(sim (GP modela estrutura espacial));ok;1.0;ok;sem_metrica;
A-09;Farmonov N, Amankulova K, Khan SN, Abdurakhimova M, Szatmari J, Khabiba T, Makhliyo R, Khodicha M, Mucsi L;2024;Effectiveness of machine learning and deep learning models at county-level soybean yield forecasting;Hungarian Geographical Bulletin;10.15201/hungeobull.72.4.4;https://ojs3.mtak.hu/index.php/hungeobull/article/view/12631;sim;abstract;sim;soja;Estados Unidos;US Corn Belt;municipio;nd;nd;treino 2012-2016, teste 2017-2021;nd (nivel county, numero exato nao especificado);nd;nd;RF, XGBoost, DTR, LASSO, 1D-CNN;RF no agregado (RMSE 0,342 t/ha), 1D-CNN no ano especifico de 2018;treino/teste temporal (2012-16 / 2017-21);nao;nao;nao;sim;nao;;0,342;;t/ha;nao;nao;nd;nd;janela de treino curta (5 anos), robustez fora dela nao detalhada;reusa - RF/XGBoost sobre tabular cabe na stack CPU-only da Invicta;resultado contraditorio relevante - RF vence no agregado mas 1D-CNN vence no ano de 2018, nenhum modelo domina todos os anos;ok;1.0;ok;confirmada_na_fonte;
A-10;Sun J, Di L, Sun Z, Shen Y, Lai Z;2019;County-Level Soybean Yield Prediction Using Deep CNN-LSTM Model;Sensors (MDPI);10.3390/s19204363;https://pmc.ncbi.nlm.nih.gov/articles/PMC6832950/;sim;completo;sim;soja;Estados Unidos;15 estados;municipio;MODIS (reflectancia e LST) + Daymet (clima);nativo MODIS (nao detalhado em metros);2003-2015 (13 anos);county-level em 15 estados (numero exato de condados nao especificado);reflectancia MODIS, LST, precipitacao, pressao de vapor;nao_aplicavel (bandas brutas, sem indices nomeados);CNN-LSTM vs CNN puro vs LSTM puro;CNN-LSTM;treino com anos anteriores, teste sequencial 2011-2015 (ano-fora);nao;nao;nao;sim;nao;0,78;329,53;;kg/ha;nao;nao;nd;nd;dificuldade combinando fontes multissensor com resolucoes/cadencias diferentes / desempenho reduzido em eventos extremos (seca 2011 Kansas);infra_nova - exige serie temporal MODIS+clima de 13 anos por unidade, a Invicta tem poucas safras por talhao;CNN-LSTM supera CNN e LSTM isolados de forma consistente neste dataset de 13 anos x 15 estados;ok;1.0;ok;confirmada_na_fonte;
A-11;Zinzinhedo ML, Mitchozounnou MF, Salako KV, Glele Kakai R;2026;Sensitivity of machine learning regression models to data structure and quality in crop yield prediction;PLOS ONE;10.1371/journal.pone.0353938;https://journals.plos.org/plosone/article?id=10.1371/journal.pone.0353938;sim;completo;sim;milho, inhame, mandioca, sorgo, amendoim (reais) + dados simulados;Benin (dados reais) / generico (simulacao);nd;nd;nao_aplicavel;nd;nd;1728 datasets simulados (12096 avaliacoes) + 5 datasets reais do Benin;5, 8 ou 12 preditores testados, taxas de ausencia 5/10/20/25%;nao_aplicavel;RF, SVM, MLR, XGBoost, LightGBM, Redes Neurais, kNN;Random Forest (R2=0,80, mais robusto);simulacao controlada com cenarios fatoriais;sim;nao;nao;nao;nao;0,80;;;adimensional (R2), MAE em % de variacao relativa;nao;nao;nd;nd;baseado em dados simulados (validade externa limitada) / nao avaliou DL (CNN/LSTM) / testou so mecanismo MCAR;reusa - RF confirmado mais robusto a dados ausentes/muitas variaveis, cenario proximo ao da fertilidade esparsa da Invicta;unico estudo do eixo com quantificacao controlada do efeito de dados ausentes e do numero de preditores sobre R2/MAE;ok;1.0;ok;confirmada_na_fonte;
B-01;Kayad A. et al.;2019;Monitoring Within-Field Variability of Corn Yield using Sentinel-2 and Machine Learning Techniques;Remote Sensing;10.3390/rs11232873;https://doi.org/10.3390/rs11232873;sim;abstract;sim;milho;Italia;norte;intra-talhao;Sentinel-2;10m;2016-2018 (3 safras);1 talhao (22 ha);VIs de 34 imagens S2;GNDVI (melhor unico), outros VIs nao nomeados no abstract;regressao multipla, Random Forest, outro ML;Random Forest;hold-out de metade das observacoes dos mesmos talhao/safras, esquema de sorteio nao declarado no abstract;nd;nao;nao;nao;nao;GNDVI 0.48 / RF ~0.60;;;R2 adimensional;nao reportado no abstract;nao reportado no abstract;nao informado;nao informado;validacao por split de observacoes, nao por talhao ou ano - risco de vazamento espacial;reusa - Sentinel-2 e catalogo de indices (GNDVI) ja existem em indices.py;estadio otimo R4-R6, 105-135 dias apos plantio, milho, transferibilidade a soja nao testada | correcao pos-verificacao: o abstract diz apenas 'independent validation set of half of the total observations', sem afirmar sorteio aleatorio - val_random rebaixado de sim para nd;ok;1.0;ok;confirmada_na_fonte;metrica_notacao: fonte usa '0.6' (uma casa decimal) para o R2 do RF, CSV registrou '0.60' - mesmo valor, notacao arredondada
B-02;Hunt M.L., Blackburn G.A., Carrasco L., Redhead J.W., Rowland C.S.;2019;High resolution wheat yield mapping using Sentinel-2;Remote Sensing of Environment;10.1016/j.rse.2019.111410;https://doi.org/10.1016/j.rse.2019.111410;sim;abstract;sim;trigo;Reino Unido;nacional (Inglaterra);intra-talhao;Sentinel-2 + dados ambientais;10m;1 safra;39 talhoes, >8000 pontos de colhedora;bandas S2 + meteorologia + topografia + umidade do solo;nao especificado no abstract (bandas + ambientais);Random Forest;Random Forest (S2 + ambientais);treino/validacao com pontos de colhedora das 39 lavouras, extrapolacao para paisagem por tipo de cultura;sim;nd;nd;nao;nao;;0.66 (so S2) / 0.61 (S2+ambientais);;t/ha;nao reportado no abstract;nao reportado no abstract;nao informado;nao informado;estudo de um unico ano, nao testa estabilidade interanual;reusa - RF + Sentinel-2 10m e stack ja disponivel, dados ambientais (meteorologia/topografia) sao novo barato;trigo mas metodo (RF + S2 + ambientais) e diretamente transferivel a soja;ok;1.0;ok;confirmada_na_fonte;
B-03;Schwalbert R., Amado T., Corassa G., Pott L., Vara Prasad P.V., Ciampitti I.;2020;Satellite-based soybean yield forecast: Integrating machine learning and weather data for improving crop yield prediction in southern Brazil;Agricultural and Forest Meteorology;10.1016/j.agrformet.2019.107886;https://doi.org/10.1016/j.agrformet.2019.107886;sim;abstract;sim;soja;Brasil;Rio Grande do Sul;municipio;satelite (NDVI/EVI/LST, sensor exato nao explicito) + meteorologia;nd (escala municipal);nd (multi-safra, nao quantificado no abstract);0 (agregado por municipio via CAR);NDVI, EVI, temperatura de superficie (LST), precipitacao;NDVI, EVI;OLS multivariada, Random Forest, LSTM;LSTM (na maioria das datas de previsao);previsao em diferentes DOY (dias do ano), esquema exato nao claro no abstract;nd;nao;nao;nd;nao;;;0.24 Mg/ha (DOY64, marco) ate 0.42 Mg/ha (DOY16, janeiro);Mg/ha (=t/ha);nao reportado no abstract;nao reportado no abstract;nao informado;nao informado;escala municipal, nao intra-talhao, esquema de validacao cruzada nao detalhado no abstract;novo_barato - LSTM e leve o suficiente para CPU, mas escala municipal nao serve de benchmark direto para intra-talhao;quanto mais cedo na safra pior a acuracia (MAE sobe de 0.24 para 0.42 t/ha ao antecipar de marco para janeiro) - referencia direta para pergunta 3 | tambem=E-brasil-11 | val_field_out(nao (escala municipio, nao talhao));ok;1.0;ok;confirmada_na_fonte;r2: B-sensoriamento:B-03='' vs E-brasil:E-brasil-11='nd', rmse: B-sensoriamento:B-03='' vs E-brasil:E-brasil-11='nd', mae: B-sensoriamento:B-03='0.24 Mg/ha (DOY64, marco) ate 0.42 Mg/ha (DOY16, janeiro)' vs E-brasil:E-brasil-11='0.24', metric_unit: B-sensoriamento:B-03='Mg/ha (=t/ha)' vs E-brasil:E-brasil-11='Mg/ha', best_model: B-sensoriamento:B-03='LSTM (na maioria das datas de previsao)' vs E-brasil:E-brasil-11='LSTM', validation: B-sensoriamento:B-03='previsao em diferentes DOY (dias do ano), esquema exato nao claro no abstract' vs E-brasil:E-brasil-11='nd (nao confirmado por leitura verbatim)'
B-04;Deines J., Patel R., Liang S., Dado W.T., Lobell D.;2021;A million kernels of truth: Insights into scalable satellite maize yield mapping and yield gap analysis from an extensive ground dataset in the US Corn Belt;Remote Sensing of Environment;10.1016/j.rse.2020.112174;https://doi.org/10.1016/j.rse.2020.112174;sim;abstract;sim;milho;Estados Unidos;US Corn Belt;intra-talhao ate municipio/condado (analise multi-escala);Landsat (metodo SCYM, suavizacao harmonica de serie temporal);30m (pixel) ate condado;2008-2018 (11 safras);>1.000.000 observacoes de colhedora;indices de vegetacao interpretados via simulacao de modelo de cultura (SCYM);nao especificado no abstract (indices do metodo SCYM original);SCYM (baseado em simulacao), Random Forest treinado com dados reais;SCYM com suavizacao harmonica, RF empata quando treinado com >=1000 obs reais;comparacao direta pixel-a-pixel contra dados reais de colhedora (externa ao SCYM, que nao usa dado de campo p/ calibrar);nd;sim;nd;sim;sim;pixel 30m: 0.31 sem suavizacao / 0.40 com suavizacao, talhao: 0.45, condado: 0.69;;;r2 adimensional;nao reportado no abstract;sensibilidade a manejo/solo/clima discutida qualitativamente;SCYM e metodo publicado (Lobell et al. 2015), codigo historicamente disponibilizado pelos autores;dataset de colhedora nao publico (proprietario);SCYM subestima sensibilidade a qualidade do solo e data de plantio vs dados reais, RF piora fora do dominio de treino (anos/locais nao vistos);reusa - metodo SCYM nao exige ML pesado, roda em CPU, relevante para regime de poucos talhoes-safra da Invicta;demonstra EMPIRICAMENTE o efeito de agregacao de grid pedido na pergunta 4 (r2 sobe de 0.31 pixel para 0.69 condado), RF puro so funciona bem com >=1000 obs e nao generaliza fora do treino - alerta direto para o regime de dados Invicta (20-100 talhoes-safra) | val_spatial(sim (agregacao pixel/talhao/condado)) | val_year_out(sim (RF testado em anos/locais fora do treino));ok;1.0;ok;confirmada_na_fonte;
B-05;Amankulova K., Farmonov N., Akramova P., Tursunov I., Mucsi L.;2023;Comparison of PlanetScope, Sentinel-2, and landsat 8 data in soybean yield estimation within-field variability with random forest regression;Heliyon;10.1016/j.heliyon.2023.e17432;https://pmc.ncbi.nlm.nih.gov/articles/PMC10319221/;sim;completo;sim;soja;Hungria;Mezohegyes, Bekes county;intra-talhao;PlanetScope (3m), Sentinel-2 (10m), Landsat 8 (30m);3m / 10m / 30m (comparacao);2021 (1 safra);7 talhoes (3 desenvolvimento, 4 validacao);bandas + indices, com e sem dados topograficos/meteorologicos;NDVI, GNDVI, SAVI, MTVI2;Random Forest (500 arvores, split 70/30);Random Forest com Sentinel-2 (10m);split 70/30;sim;nao;nao;nao;nao;PS 0.85 / S2 0.90 / L8 0.72;PS 0.222 / S2 0.184 / L8 0.321 t/ha (so espectral), com ambientais: PS 0.165 / S2 0.177 / L8 0.271 t/ha;PS 0.083 / S2 0.042 / L8 0.127 t/ha (so espectral), com ambientais: PS 0.082 / S2 0.097 / L8 0.109 t/ha;t/ha;nao reportado;nao reportado;nao informado;nao informado;clima com pixel grosseiro (4km) dilui ganho de resolucao fina, 1 unico ano/pais, verdade de campo so de monitor GPS moderno;reusa - Sentinel-2 10m ja e a base da plataforma, resultado sugere que 10m pode superar 3m em pipeline real;achado contra-intuitivo: Sentinel-2 (10m) superou PlanetScope (3m) em R2/RMSE/MAE, estadio otimo V4-V5-R1, 60-70 dias antes da colheita;ok;1.0;ok;confirmada_na_fonte;full_text_read corrigido de 'sim' para 'completo' (conteudo da fonte inclui tabelas de metricas por sensor (R2/RMSE/MAE), nao apenas abstract)
B-06;Sarkar S., Sagan V., Bhadra S., Fritschi F.B.;2024;Spectral enhancement of PlanetScope using Sentinel-2 images to estimate soybean yield and seed composition;Scientific Reports;10.1038/s41598-024-63650-3;https://pmc.ncbi.nlm.nih.gov/articles/PMC11729875/;sim;completo;sim;soja;Estados Unidos;Columbia, Missouri;intra-talhao;PlanetScope + Sentinel-2 (fusao espectral MKSF);3m (PlanetScope) fundido com bandas 10-20m do Sentinel-2;2017, 2020, 2021 (426 amostras);2 campos (91 + 191 parcelas);bandas fundidas VNIR/SWIR via rede neural (MKSF);indices derivados das bandas fundidas (nao listados individualmente no abstract);MKSF (fusao) + Random Forest Regression e outros para tracos de semente;RFR para sacarose, rendimento teve desempenho mais fraco entre os tracos;split 70/30 + CV 80/20 no treino, early stopping;sim;nao;nao;nao;nao;rendimento 0.36-0.49 (pico aos 93 DAS), sacarose 0.50-0.68, proteina/fibra/amido 0.0-0.35;;;R2 adimensional;nao reportado;analise de importancia de features (indices gerados por MKSF);nao informado;nao informado;subpredicao de valores altos (SWIR), fraco para proteina/fibra/amido, 1 local geografico, amostra limitada (426);infra_nova - fusao espectral via rede neural exige mais que o stack atual (numpy/rasterio), baixo ganho relativo para yield especificamente;rendimento foi o TRACO MAIS FRACO entre os previstos (pior que sacarose) - evidencia de que fusao PlanetScope+S2 nao garante ganho proporcional para yield;ok;1.0;ok;confirmada_na_fonte;full_text_read corrigido de 'sim' para 'completo' (conteudo da fonte inclui detalhes de metodologia/amostragem alem do abstract (n de parcelas, esquema de validacao)) || metrica_notacao: fonte usa faixa 'R2≈0–0.35' (traço, zero sem casas decimais), CSV registrou '0.0-0.35' - mesmo valor
B-07;Pejak B., Lugonja P., Antic A., Panic M.N., Pandzic M., Alexakis E., Mavrepis P., Zhou N., Marko O., Crnojevic V.;2022;Soya Yield Prediction on a Within-Field Scale Using Machine Learning Models Trained on Sentinel-2 and Soil Data;Remote Sensing;10.3390/rs14092256;https://doi.org/10.3390/rs14092256;sim;abstract;sim;soja;Austria;Alta Austria;intra-talhao;Sentinel-2 (so 3 imagens/ano, sem nuvem) + dados de solo;10m;2018, 2019, 2020 (3 safras);411 ha de fazendas (varios talhoes);series esparsas (3 imagens/ano) + parametros de solo;nao especificado no abstract;MLR, SVM, XGBoost, Stochastic Gradient Descent, Random Forest;Stochastic Gradient Descent (SGD) - resultado atipico vs. literatura dominante RF/XGBoost;nao detalhado no abstract (nao fica claro safra-fora vs aleatorio);nd;nd;nd;nd;nao;;;4.36 kg/pixel = 0.436 t/ha;t/ha (mae), coef. correlacao 0.83 (nao e R2);nao reportado;nao reportado;metodo Polygon-Pixel Interpolation descrito no artigo;nao informado;apenas 3 imagens/ano (serie esparsa, nao densa), esquema de validacao nao claro no abstract;reusa - metodo Polygon-Pixel Interpolation e relevante para casar poligono de colhedora com pixel de satelite (pykrige/shapely ja disponiveis);resultado NEGATIVO/contraintuitivo: SGD > RF/XGBoost neste estudo - reforca instrucao de nao presumir vencedor de modelo;ok;1.0;ok;confirmada_na_fonte;
B-08;Skakun S., Kalecinski N., Brown M.G.L., Johnson D.M., Vermote E., Roger J., Franch B.;2021;Assessing within-Field Corn and Soybean Yield Variability from WorldView-3, Planet, Sentinel-2, and Landsat 8 Satellite Imagery;Remote Sensing;10.3390/rs13050872;https://doi.org/10.3390/rs13050872;sim;abstract;sim;milho e soja;Estados Unidos;Iowa;intra-talhao;WorldView-3 (~1m), PlanetScope (3m), Sentinel-2 (10-20m), Landsat 8/HLS (30m);1m / 3m / 10m / 20m / 30m (comparacao);nd (nao quantificado no abstract);multiplos talhoes, verdade de campo via GPS de colhedora;reflectancia de superficie + indices de vegetacao;indices de vegetacao (nao listados individualmente), bandas-chave: verde, red-edge, NIR;modelos empiricos por sensor (regressao, nao detalhado no abstract);nao ha vencedor unico - desempenho misto por sensor e talhao;comparacao contra pontos de colhedora GPS, simulacao de degradacao de resolucao;nd;nd;nd;nd;nao;simulacao: 100% var. explicada a 3m -> 86% (10m) -> 72% (20m) -> 59% (30m), modelos empiricos: R2 0.21-0.88 (media 0.56) em 30m HLS, 0.09-0.77 (media 0.30) em 3m Planet;;;% variabilidade explicada (simulacao) e R2 (modelos empiricos);nao reportado;analise de bandas mais importantes (verde, red-edge, NIR);nao informado;nao informado;R2 empirico menor em talhoes de alta produtividade (saturacao), oticos puros nao bastam - precisam de umidade do solo/evapotranspiracao complementares;reusa - Sentinel-2 10-20m ja e a base, nao ha ganho automatico ao mudar para 3m sem melhorar qualidade radiometrica/temporal;achado que CONTRASTA com a intuicao de resolucao: em simulacao teorica resolucao fina explica mais variancia, mas em modelos empiricos reais 30m HLS teve R2 medio MAIOR (0.56) que 3m Planet (0.30) - qualidade/consistencia do sensor pode pesar mais que GSD, evidencia clara de saturacao em alta produtividade;ok;1.0;ok;confirmada_na_fonte;
B-09;Kross A., Znoj E., Callegari D., Kaur G., Sunohara M., Lapen D., McNairn H.;2020;Using Artificial Neural Networks and Remotely Sensed Data to Evaluate the Relative Importance of Variables for Prediction of Within-Field Corn and Soybean Yields;Remote Sensing;10.3390/rs12142230;https://doi.org/10.3390/rs12142230;sim;abstract;sim;milho e soja;Canada;nd;intra-talhao;satelite (sensor exato nao explicito) + MDE/relevo;nd;2011 e 2012 (validacao ano-fora);multiplos talhoes (numero exato nao explicito no abstract);indices espectrais + variaveis de relevo (declividade, acumulo de fluxo, aspecto);NDVI, NDRE (red edge NDVI), Simple Ratio (SR);Artificial Neural Network (ANN);ANN com variaveis minimas otimizadas (SR + declividade como mais importantes);treino em um ano, teste no outro (2011 vs 2012);nao;nao;nao;sim;nao;;;erro relativo: milho <10% em 100% dos talhoes (2011) e 75% (2012), soja <10% em 37% (2011) e <20% em 100% (2012);% erro absoluto medio relativo;nao reportado;analise de importancia relativa de variaveis (SR e declividade como top);nao informado;nao informado;erro relativo em faixas percentuais, nao R2/RMSE absolutos, apenas 2 anos;reusa - MDE/relevo ja disponivel (mde.py), indice mais importante foi SR/declividade, nao NDVI puro;indice mais importante NAO foi NDVI, foi Simple Ratio + declividade, soja teve erro mais alto e mais variavel que milho no mesmo metodo - transferibilidade milho-soja nao e automatica;ok;1.0;ok;confirmada_na_fonte;
B-10;Joshi D.R., Clay S., Sharma P., Rekabdarkolaee H.M., Kharel T.P., Rizzo D.M., Thapa R., Clay D.E.;2023;Artificial Intelligence and Satellite Based Remote Sensing can be used to Predict Soybean (Glycine max) Yield;Agronomy Journal;10.1002/agj2.21473;https://doi.org/10.1002/agj2.21473;sim;abstract;sim;soja;Estados Unidos;nd;intra-talhao;PlanetScope (bandas brutas, sem indices);grid 10x10m (agregado);2019 e 2021 (2 safras);3 talhoes, 24282 celulas de grid;reflectancia bruta blue/green/red/NIR em 6 estadios (VE/VC a R6/R7);nenhum - apenas bandas brutas;DNN, SVM, Random Forest, LASSO, AdaBoost;Deep Neural Network (DNN);nao detalhado se e talhao-fora, autores reconhecem falta de teste em talhoes fora do treino;nd;nao;nao;nd;nao;0.26 (VE/VC, emergencia) ate >0.70 (R4/R5, enchimento de graos);;;R2 adimensional;nao reportado;nao reportado;nao informado;nao informado;os proprios autores dizem que falta testar o modelo em talhoes NAO usados no treino - alerta de vazamento espacial potencial;reusa - grid 10x10m e proximo ao alvo de 20x20m da Invicta, bandas brutas ja disponiveis via msr.py sem precisar computar indices;curva de acuracia por estadio: R2 sobe de 0.26 (emergencia) para >0.70 em R4/R5 - referencia direta para pergunta 3 do brief, bandas brutas (sem indices) ja bastaram para essa curva | val_field_out(nao (limitacao reconhecida pelos autores));ok;1.0;ok;confirmada_na_fonte;
B-11;Gaso D., de Wit A.D., Berger A., Kooistra L.;2021;Predicting within-field soybean yield variability by coupling Sentinel-2 leaf area index with a crop growth model;Agricultural and Forest Meteorology;10.1016/j.agrformet.2021.108553;https://doi.org/10.1016/j.agrformet.2021.108553;sim;abstract;sim;soja;nd (nao explicitado no abstract);nd;intra-talhao;Sentinel-2 (LAI assimilado em modelo de cultura baseado em processos);nd (pixel Sentinel-2);7 campanhas de campo (validacao do modelo) + 6 talhoes (avaliacao espacial);6 talhoes, 21175 pixels;LAI retrieval assimilado (nao e ML estatistico direto);LAI (derivado de Sentinel-2, algoritmo empirico);modelo de cultura baseado em processos (soybean model) + assimilacao de dados de LAI;modelo hibrido (crop model + assimilacao de LAI);pixel a pixel contra monitor de colheita de alta densidade;nao;sim;nd;nd;nao;;;;rRMSE (RMSE relativo, %) e indice de Lee (similaridade espacial);discutida via indice de Lee (similaridade de padroes espaciais);modelo baseado em processos e interpretavel por construcao (parametros fisicos: profundidade do solo, capacidade de campo, N translocado);nao informado;nao informado;modelo nao realoca biomassa sob limitacao de fonte, algoritmos empiricos de LAI tem generalizacao limitada, discrepancia LAI simulado vs recuperado;infra_nova - exigiria implementar um modelo de cultura baseado em processos, fora do stack atual (numpy/scipy/pykrige/rasterio) mas nao exige GPU;rRMSE entre 28% e 51% (geral 35.8%) por talhao, indice de Lee 0.61-0.71, abordagem hibrida (LAI de satelite + modelo de cultura) como alternativa ao ML puro e ao SCYM | val_spatial(sim (pixel a pixel, 6 talhoes));ok;1.0;ok;sem_metrica;
B-12;Crusiol LGT, Sun L, Sibaldelli RNR, Felipe Junior V, Furlaneti WX, Chen R, Sun Z, Wuyun D, Chen Z, Nanni MR, Furlanetto RH, Cezar E, Nepomuceno AL, Farias JRB;2022;Strategies for monitoring within-field soybean yield using Sentinel-2 Vis-NIR-SWIR spectral bands and machine learning regression methods;Precision Agriculture;10.1007/s11119-022-09876-5;https://www.alice.cnptia.embrapa.br/alice/bitstream/doc/1151089/1/A-s11119-022-09876-5.pdf;sim;completo;sim;soja;Brasil;Parana (Astorga e Maua da Serra);intra-talhao;Sentinel-2 (9 bandas Vis/NIR/SWIR) + espectrorradiometro de campo para comparacao;grade 20 m no yield map, Sentinel-2 nativo 10-20 m;1 safra principal (2019/2020) + dados de campo de 3 safras (2016/17-2018/19) na Embrapa Soja;15 talhoes em 3 fazendas, mais de 500 ha;9 bandas espectrais + 8 indices de vegetacao;NDVI, NDRE, NDII, NDII2, EVI, EVI2, GNDVI, BNDVI;PLSR, SVR;SVR (field-based, estagio R5);10-fold cross-validation + split 75%/25% calibracao/validacao externa no modelo global-based;sim;nao;nao;nao;sim;0.07 a 0.79 field-based 15 talhoes, 0.60 a 0.70 farm-based, 0.75 global-based SVR;7.24 a 37.32 field-based, 38.82 global-based SVR;nd;kg/ha;nao;nao;nao;nao;nenhuma tendencia temporal consistente na melhor data de monitoramento entre talhoes, VIs isolados com correlacao ora positiva ora negativa sem padrao, alta nebulosidade do PR limitou a 4-10 imagens por talhao na safra;reusa - pipeline (yield map, filtro outlier, grade 20m, Sentinel-2, indices, ML) quase identico ao da Invicta. SVR e PLSR sao leves e CPU-only;ESTUDO MAIS RELEVANTE PARA O MVP. Achado central: modelo especifico por talhao supera modelo pool de fazenda que supera modelo global. Parceria com Embrapa Soja | tambem=E-brasil-06 | val_field_out(nao (comparou field vs farm vs global sem leave-one-field-out formal)) | val_year_out(nao (unica safra principal)) | val_external(sim (split 75/25 com validacao externa no estagio R5));ok;1.0;ok;confirmada_na_fonte;r2: E-brasil:E-brasil-06='0.07 a 0.79 field-based 15 talhoes, 0.60 a 0.70 farm-based, 0.75 global-based SVR' vs B-sensoriamento:B-12='', rmse: E-brasil:E-brasil-06='7.24 a 37.32 field-based, 38.82 global-based SVR' vs B-sensoriamento:B-12='', mae: E-brasil:E-brasil-06='nd' vs B-sensoriamento:B-12='', metric_unit: E-brasil:E-brasil-06='kg/ha' vs B-sensoriamento:B-12='nao reportado numericamente no abstract', best_model: E-brasil:E-brasil-06='SVR (field-based, estagio R5)' vs B-sensoriamento:B-12='SVR, com modelos calibrados por talhao individual', validation: E-brasil:E-brasil-06='10-fold cross-validation + split 75%/25% calibracao/validacao externa no modelo global-based' vs B-sensoriamento:B-12='modelos por talhao vs por fazenda vs global (pool)', full_text_read: E-brasil:E-brasil-06='completo' vs B-sensoriamento:B-12='abstract'
B-13;Amankulova K., Farmonov N., Omonov K., Abdurakhimova M., Mucsi L.;2024;Integrating the Sentinel-1, Sentinel-2 and topographic data into soybean yield modelling using machine learning;Advances in Space Research;10.1016/j.asr.2024.01.040;https://www.sciencedirect.com/science/article/pii/S0273117724000838;sim;abstract;sim;soja;nd (nao explicitado no trecho recuperado, provavel mesmo grupo/regiao de B-05);nd;intra-talhao;Sentinel-1 (SAR) + Sentinel-2 (optico) + dado topografico (TWI);10m;nd;nd (fazendas pequenas/fragmentadas mencionadas);backscatter SAR + indices opticos + Topographic Wetness Index;indices de vegetacao S2 (nao listados individualmente) + TWI;Random Forest, KNN, MLR, Decision Tree;Random Forest;nao detalhado no abstract (aleatorio vs talhao-fora nao claro);nd;nd;nd;nd;nao;0.41-0.89 (RF, faixa por epoca/estadio);0.122-0.224 t/ha;0.089-0.163 t/ha;t/ha;nao reportado;nao reportado;nao informado;nao informado;faixa ampla de R2 sugere forte dependencia da data/estadio escolhido, esquema de validacao pouco claro;novo_barato - Sentinel-1 SAR ainda nao esta na plataforma (so S2/CBERS), mas dados sao gratuitos via STAC, processamento SAR e mais pesado que optico;confirma ganho relatado na literatura ao combinar S1+S2+topografia, mas faixa de R2 (0.41-0.89) mostra que o ganho depende muito da epoca de aquisicao;ok;1.0;ok;confirmada_na_fonte;reconfirmado_por_api: abstract re-obtido de forma independente via OpenAlex (nao proxy), metricas do CSV conferem literalmente com o abstract legitimo (status openalex=200).
B-14;Al-Shammari D., Whelan B., Wang C., Bramley R., Bishop T.F.;2025 (online 2024);Assessment of red-edge based vegetation indices for crop yield prediction at the field scale across large regions in Australia;European Journal of Agronomy;10.1016/j.eja.2024.127479;https://www.sciencedirect.com/science/article/pii/S1161030124004003;sim;abstract;sim;canola e trigo (nao soja - transferibilidade e hipotese);Australia;grandes regioes (multiplas fazendas);talhao (multi-talhao em larga escala, nao um unico intra-talhao);Sentinel-2 (3 bandas red-edge);20m (bandas red-edge do Sentinel-2);nd;168 campos de canola + 123 campos de trigo;combinacoes de 0, 1, 2 ou 3 bandas red-edge;TREI (Triple Red-Edge Index, proposto no estudo);nao detalhado no trecho recuperado (comparacao de indices, nao ML complexo);TREI (3 bandas red-edge) superou indices com menos bandas red-edge;nao detalhado no trecho recuperado;nd;nd;nd;nd;nao;;;;CCC (Concordance Correlation Coefficient) - NAO e R2/RMSE, nao comparar diretamente;nao reportado;nao reportado;nao informado;dados de rendimento confidenciais (mencionado como limitacao);dados de rendimento confidenciais (sem acesso aos brutos), metrica CCC nao comparavel diretamente a R2/RMSE de outros estudos do lote;reusa - Sentinel-2 red-edge (3 bandas) ja disponivel, TREI seria novo indice barato de implementar em indices.py;CCC=0.89 (canola) e 0.85 (trigo) para o indice TREI, evidencia de que combinar as 3 bandas red-edge do S2 supera usar so 1 (NDRE simples) - nao testado em soja diretamente;ok;1.0;ok;sem_metrica;reconfirmado_por_api: abstract re-obtido de forma independente via OpenAlex (nao proxy), metricas do CSV conferem literalmente com o abstract legitimo (status openalex=200).
B-15;Pereira E.C., Santos G.P., Chaves M.E., Salgado G.C., Poppiel R., Kaster D.S., Yuan W., Junqueira C., Chinatto A., Luciano A.C.S.;2026;Soybean yield estimation in the Brazilian Midwest using Sentinel-2 imagery;Big Earth Data;10.1080/20964471.2026.2631900;https://doi.org/10.1080/20964471.2026.2631900;sim;abstract;sim;soja;Brasil;Centro-Oeste;municipio;Sentinel-2 + dados climaticos;nd (agregado por municipio);2019/20 a 2021/22 (3 safras);0 (agregado por municipio);bandas + indices S2 medios por municipio + variaveis climaticas;NDRE e bandas red-edge/SWIR/red/NIR como mais importantes;XGBoost;XGBoost a 150 dias apos semeadura (Soy Yield Model, SYM);split 70/30 por DAS + validacao externa em estados independentes;sim;nao;nao;nd;sim;0.72 (treino/teste) / 0.34-0.76 (estados independentes);301.52 kg/ha (treino/teste) / 168.31-491.17 kg/ha (estados independentes);;kg/ha;nao reportado;importancia de variaveis climaticas e espectrais reportada (precipitacao, radiacao, NDRE, red-edge);nao informado;nao informado;escala municipal, nao intra-talhao, util so como pano de fundo regional/climatico, nao benchmark de acuracia por pixel;reusa - XGBoost e leve (CPU-only, ainda nao esta no stack Invicta mas e citado como podendo entrar), NDRE ja disponivel;melhor modelo aos 150 DAS (proximo a colheita, nao muito antecipado), queda de R2 (0.72 para 0.34-0.76) em validacao externa entre estados - alerta de generalizacao espacial mesmo em escala agregada | val_field_out(nao (escala municipio));ok;1.0;ok;confirmada_na_fonte;
C-01;Ploton et al.;2020;Spatial validation reveals poor predictive performance of large-scale ecological mapping models;Nature Communications;10.1038/s41467-020-18321-y;https://www.nature.com/articles/s41467-020-18321-y;sim;completo;sim;nd;Africa Central (Gabao/Camaroes/RCA/Congo/RDC);Bacia do Congo;regional;MODIS;1km;nd;190000 parcelas de inventario / 11,8M arvores;9 var MODIS + 27 ambientais (clima+topografia);nd;Random Forest;Random Forest;random 10-fold vs spatial 44-fold vs buffered LOO (buffer 0-150km);sim;sim;nao;nao;nao;0,53 (random10fold) / 0,14 (spatial44fold);56,5 (random) / 77,5 (spatial44) / 82 (modelo nulo);nd;Mg/ha;nao;nao;nd;nd;estudo unico em floresta tropical, tamanho de bloco (150km) pragmatico nao formalmente otimizado;novo_barato - spatial/buffered CV replicavel com scikit-learn GroupKFold sem infra nova;biomassa florestal (nao produtividade agricola) mas evidencia quantitativa central para toda a pergunta 1;ok;1.0;ok;confirmada_na_fonte;
C-02;Roberts et al.;2017;Cross-validation strategies for data with temporal, spatial, hierarchical, or phylogenetic structure;Ecography;10.1111/ecog.02881;https://api.openalex.org/works/https://doi.org/10.1111/ecog.02881;sim;abstract;sim;nd;nd;nd;nd;nd;nd;nd;nd;nd;nd;nd;nd;block CV (temporal/espacial/hierarquica/filogenetica) vs random CV;nao;sim;nd;nd;nd;;;;;nao;nao;nd;nd;texto integral nao aberto nesta sessao (404/403), apenas abstract com conclusao qualitativa;reusa - conceito de block CV implementavel com scikit-learn GroupKFold;artigo fundacional citado por praticamente toda a literatura subsequente de spatial CV;ok;1.0;ok;sem_metrica;
C-03;Wadoux, Heuvelink, de Bruin & Brus;2021;Spatial cross-validation is not the right way to evaluate map accuracy;Ecological Modelling;10.1016/j.ecolmodel.2021.109692;https://alexandrewadoux.github.io/assets/pdf/Wadoux_et_al_2021.pdf;sim;completo;sim;nd;Bacia Amazonica (multiplos paises);Amazonia;regional;MODIS;1km;nd;nd;28 covariaveis (clima, relevo, solo, MODIS);nd;Random Forest;nd (foco na comparacao de validacoes, nao no melhor modelo);design-based vs random K-fold vs spatial K-fold vs buffered LOO (B-LOO);sim;sim;nao;nao;nao;;vies +10 a +15 Mg/ha (B-LOO, amostra aleatoria/sistematica) / vies ~0 (random e design-based) / vies -10 Mg/ha (random sob cluster);nd;Mg/ha (vies de RMSE);nao;nao;nd;nd;CV aleatoria padrao e deficiente sob dados fortemente clusterizados com densidade desigual;reusa - argumento teorico/estatistico, nao exige infra nova;contraponto direto a Ploton 2020 e Roberts 2017, mostra que B-LOO pode ser pessimista demais sob amostragem aleatoria;ok;1.0;ok;sem_metrica;
C-04;Meyer & Pebesma;2021;Predicting into unknown space? Estimating the area of applicability of spatial prediction models;Methods in Ecology and Evolution;10.1111/2041-210X.13650;https://api.openalex.org/works/https://doi.org/10.1111/2041-210X.13650;sim;abstract;sim;nd;nd;nd;nd;nd;nd;nd;nd;espaco de preditores normalizado e ponderado por importancia do modelo;Dissimilarity Index (DI);agnostico (qualquer modelo de ML);nd;Area of Applicability (AOA) via DI + limiar derivado de CV;nd;nd;nd;nd;nd;;;;;sim;parcial (usa importancia de variaveis do modelo treinado);sim (pacote R CAST);nd;artigo original nao aberto (403 Wiley/ResearchGate), descricao via vinheta oficial do software (mesma autora);novo_barato - DI calculavel com numpy/scipy (distancias no espaco de features), CPU-only;ferramenta central para decidir se um talhao/safra novo esta dentro do dominio de dados do modelo (extrapolacao);ok;1.0;ok;sem_metrica;
C-05;Meyer & Pebesma;2022;Machine learning-based global maps of ecological variables and the challenge of assessing them;Nature Communications;10.1038/s41467-022-29838-9;https://www.nature.com/articles/s41467-022-29838-9;sim;completo;sim;nd;global;global (exemplos concentrados em Europa/America do Norte);regional;nd;nd;nd;nd;nd;nd;nd;nd;critica metodologica: CV aleatoria/leave-one-out ingenua vs necessidade de AOA e medidas de erro local/global;nao;nd;nd;nd;nd;;;;;sim;nao;nd;nd;perspectiva/critica sem experimento controlado com numeros comparativos de R2/RMSE;"reusa - recomendacao de reportar erro local e ""grayed out"" areas fora do dominio aplicavel ao mapa Invicta";defende que mapas so deveriam ser publicados acompanhados de medidas de acuracia local e global, nao so uma estatistica global unica;ok;1.0;ok;sem_metrica;
C-06;Valavi, Elith, Lahoz-Monfort & Guillera-Arroita;2019;blockCV: An r package for generating spatially or environmentally separated folds for k-fold cross-validation of species distribution models;Methods in Ecology and Evolution;10.1111/2041-210X.13107;https://www.biorxiv.org/content/10.1101/357798v1.full;sim;completo;sim;nd;nd;nd;nd;nd;nd;nd;nd;nd;nd;agnostico (pacote de particionamento, nao modelo preditivo);nd;buffer LOO, spatial block, environmental block vs random CV;nao;sim;nd;nd;nd;;;;;nao;nao;sim (pacote R blockCV, open source);nd;foco original em modelagem de distribuicao de especies (SDM), nao produtividade agricola, sem numeros de estudo de caso agricola;novo_barato - conceito replicavel em Python via scikit-learn GroupKFold ou pacote spatial-kfold, sem exigir R;ferramenta de referencia citada por quase toda a literatura de spatial CV subsequente (inclusive Wadoux 2021 e Mila 2022) | val_random(nao (compara contra));ok;0.996;ok;sem_metrica;
C-07;Kapoor & Narayanan;2023;Leakage and the reproducibility crisis in machine-learning-based science;Patterns;10.1016/j.patter.2023.100804;https://api.openalex.org/works/https://doi.org/10.1016/j.patter.2023.100804;sim;abstract;sim;nd;nd;nd;nd;nd;nd;nd;294 artigos em 17 areas cientificas;nd;nd;nd;nd;taxonomia de vazamento (leakage) em ciencia baseada em ML;nd;nd;nd;nd;nd;;;;;nao;nao;nd;nd;apenas TLDR obtido (cell.com bloqueou 403 em 3 tentativas), taxonomia de 8 tipos e exemplo de guerra civil sao amplamente citados por terceiros mas NAO confirmados por leitura direta nesta sessao;reusa - checklist de deteccao de vazamento aplicavel ao pipeline de features Invicta sem custo;fato confirmado no texto aberto: 294 artigos afetados em 17 campos cientificos por vazamento de dados;ok;1.0;ok;sem_metrica;
C-08;Mila, Mateu, Pebesma & Meyer;2022;Nearest neighbour distance matching Leave-One-Out Cross-Validation for map validation;Methods in Ecology and Evolution;10.1111/2041-210X.13851;https://api.openalex.org/works/https://doi.org/10.1111/2041-210X.13851;sim;abstract;sim;nd;nd;nd;nd;nd;nd;nd;nd;nd;nd;agnostico (metodo de validacao);nd;NNDM LOO CV (casamento de distribuicao de distancias teste-treino com predicao-treino);nao;sim;nd;nd;nd;;;;;nao;nao;sim (implementado em pacotes R CAST/blockCV, funcao cv_nndm);nd;texto completo nao aberto (403 Wiley), sem numeros de simulacao registrados nesta sessao;novo_barato - algoritmo implementavel em Python com scipy.spatial, CPU-only;nao escala bem por ser Leave-One-Out, motivou a extensao k-fold (kNNDM, Linnenbrink 2024), citado como reconciliacao do debate Wadoux vs Ploton/Meyer | val_random(nao (compara contra));ok;1.0;ok;sem_metrica;
C-09;Linnenbrink, Mila, Ludwig & Meyer;2024;kNNDM CV: k-fold nearest-neighbour distance matching cross-validation for map accuracy estimation;Geoscientific Model Development;10.5194/gmd-17-5897-2024;https://gmd.copernicus.org/articles/17/5897/2024/;sim;completo;sim;nd;Peninsula Iberica / Europa;Europa;regional;nd (variaveis bioclimaticas WorldClim);nd;nd;100 pontos treino (sim.1) / 5000 pontos (sim.2 biomassa europeia);22 variaveis preditoras (sim. biomassa) / bioclimaticas WorldClim (sim. principal);nd;Random Forest;kNNDM (metodo de validacao, nao modelo preditivo);kNNDM (k-fold nearest-neighbour distance matching) vs random k-fold vs spatial k-fold vs NNDM LOO;sim;sim;nao;nao;nao;;nd (usa estatistica de Wasserstein W, nao RMSE direto);nd;nd (adimensional, estatistica W);nao;nao;sim (pacotes R CAST/blockCV, funcao cv_knndm);nd;perde poder explicativo em escala continental (W explica so 28% do RMSE), exige area de predicao conhecida a priori, ignora direcao das distancias;novo_barato - implementavel em Python (scipy/sklearn), leve (1,2min vs 4,8 dias do NNDM LOO em 4000 pontos);reduz tempo de computacao de 4,8 dias para 1,2 min mantendo qualidade proxima ao NNDM LOO CV;ok;1.0;ok;confirmada_na_fonte;metrica_notacao: fonte descreve 'W explicou 28% da variacao do RMSE' (nao rotulado literalmente 'R2' na escala continental), CSV interpretou como R2=0,28 - equivalencia conceitual, nao e transcricao literal do simbolo | chair: r2 removido - 28% e a fracao da variacao do RMSE explicada por W e nao um R2 de predicao
C-10;Hengl, Nussbaum, Wright, Heuvelink & Graler;2018;Random forest as a generic framework for predictive modeling of spatial and spatio-temporal variables;PeerJ;10.7717/peerj.5518;https://api.openalex.org/works/https://doi.org/10.7717/peerj.5518;sim;abstract;sim;nd;nd;nd;nd;nd;nd;nd;nd;distancias buffer a pontos de observacao como covariaveis extras;nd;Random Forest (RFsp);nd;CV 5-fold com refit, RFsp vs krigagem;sim;nd;nd;nd;nd;;;;;nd;nao;sim (tutorial R do autor, GeoMLA);nd;texto completo do PeerJ nao aberto (403), numeros de RMSE/R2 comparando RFsp x krigagem nao confirmados por leitura direta;novo_barato - extensao direta do RF/XGBoost ja cogitado no MVP, usa so distancias como feature adicional;"referencia canonica de ""RF espacial"" citada na pergunta 5, complementa (nao substitui) a krigagem ja usada em interp.py da Invicta";ok;1.0;ok;sem_metrica;
C-11;Rathore, Joshi, Dadkhah, Rizzo, Walsh, Clay & Gardezi;2026;On-farm soybean yield estimation using earth observation data and machine learning models;Frontiers in Agronomy;10.3389/fagro.2026.1923239;https://www.frontiersin.org/journals/agronomy/articles/10.3389/fagro.2026.1923239/full;sim;completo;sim;soja;EUA;South Dakota (Edmunds/Hamlin/Miner);intra-talhao;PlanetScope;3,12m;2019/2021;3;indices de vegetacao + solo + topografia;NDVI, DVI, GNDVI, SAVI, MSAVI, RVI, TGI, VARI, GLI, NDWI;XGBoost;XGBoost (modelo so com indices de vegetacao);Leave-One-Field-Out CV (LOFO-CV);nao;nao;sim;nao;nao;0,54 / -0,58 / 0,40 / 0,24 / -1,02 / -6,23 (por talhao-safra retido, ver fonte para detalhe);554 a 765 (faixa entre talhoes-safra);421 a 676 (faixa entre talhoes-safra);kg/ha;nao;sim (SHAP);nd;nd;2-3 safras insuficientes para LOFO-CV robusta, solo/topografia pioraram desempenho (ruido/overfitting local), imagens PlanetScope perderam eventos criticos de crescimento;reusa - XGBoost+SHAP+indices ja no roadmap Invicta, LOFO-CV implementavel com GroupKFold do scikit-learn;evidencia quantitativa direta e recente (soja) de R2 fortemente negativo em LOFO-CV, cenario muito proximo do regime de dados da Invicta (poucos talhoes/safras);ok;1.0;ok;confirmada_na_fonte;
C-12;Stock;2025;Choosing blocks for spatial cross-validation: lessons from a marine remote sensing case study;Frontiers in Remote Sensing;10.3389/frsen.2025.1531097;https://www.frontiersin.org/journals/remote-sensing/articles/10.3389/frsen.2025.1531097/full;sim;completo;sim;nd (clorofila marinha, nao agricola);paises do Mar Baltico;Mar Baltico;regional;satelite (refletancia);nd;2003/2019;nd (1426 datasets sinteticos);refletancia de satelite + coordenadas espaciais;clorofila-a;Random Forest (+RF com coordenadas, +razao de bandas maxima);nd (foco em metodologia de validacao, nao no melhor modelo);block CV variando tamanho/forma/numero de blocos vs random 10-fold;sim;sim;nao;nao;nao;;CV aleatoria 10-fold subestimou o erro em 5-54% dependendo do modelo;nd;% de subestimacao de erro;nao;nao;nd;nd;estudo unico em uma regiao, pode nao generalizar para dados com autocorrelacao temporal ou outras regioes;reusa - metodologia de escolha de tamanho de bloco via variograma/correlograma compativel com pykrige ja usado pela Invicta;achado central: tamanho do bloco importa mais que forma/numero de folds, CV espacial nao impede overfitting sozinha (falhou em >50% dos casos contra modelos sobreajustados);ok;1.0;ok;confirmada_na_fonte;
C-13;Khan, Li & Maimaitijiang;2022;A Geographically Weighted Random Forest Approach to Predict Corn Yield in the US Corn Belt;Remote Sensing (MDPI);10.3390/rs14122843;https://api.openalex.org/works/https://doi.org/10.3390/rs14122843;sim;abstract;sim;milho;EUA;US Corn Belt;municipio;multi-fonte (GPP, indices de vegetacao, clima, solo);nd;nd;nd (nivel de condado);indices de vegetacao, GPP, clima, solo;nd (nao detalhado no abstract);GWRFR, MLR, PLSR, SVR, DTR, RFR;GWRFR (Geographically Weighted Random Forest);nd (nao detalhado no abstract/introducao lidos);nd;nd;nao;nd;nd;0,90 (GWRFR, full features);0,764 MT/ha (GWRFR, full features);nd;MT/ha;nao;nao;nd;nd;validacao regional/county-level, nao intra-talhao, nao testa extrapolacao para talhao/safra nunca vistos (LOFO/leave-year-out);novo_barato - GWR aproximavel por RF ponderado por distancia geografica, CPU-only;obtido_via_proxy (sessao usou Browser pane para contornar 403 do MDPI antes da regra do chair, depois re-confirmado 100% via OpenAlex) - Moran's I dos residuos do GWRFR menor que dos outros modelos, evidencia de melhor tratamento da autocorrelacao espacial residual | tambem=H-02;ok;1.0;ok;confirmada_na_fonte;r2: C-validacao:C-13='0,90 (GWRFR, full features)' vs H-lacunas:H-02='0.90', rmse: C-validacao:C-13='0,764 MT/ha (GWRFR, full features)' vs H-lacunas:H-02='0.764', mae: C-validacao:C-13='nd' vs H-lacunas:H-02='vazio', metric_unit: C-validacao:C-13='MT/ha' vs H-lacunas:H-02='t/ha', best_model: C-validacao:C-13='GWRFR (Geographically Weighted Random Forest)' vs H-lacunas:H-02='GWRFR', validation: C-validacao:C-13='nd (nao detalhado no abstract/introducao lidos)' vs H-lacunas:H-02='nd' || reconfirmado_por_api: abstract re-obtido de forma independente via OpenAlex (nao proxy), metricas do CSV conferem literalmente com o abstract legitimo (status openalex=200).
C-14;Habibi, Matsui & Tanaka;2023;The effects of a cross-validation approaches on the model transferability of a soybean yield prediction model using UAV-based remote sensing;Anais JASS Hiroshima 2023 (proceedings);sem_doi;https://jassnet.org/hiroshima2023/PDF/A04-Luthfan%20Nur%20Habibi.pdf;relatorio;completo;sem_doi;soja;Japao;Gifu Prefecture;intra-talhao;UAV multiespectral;nd;2018-2021;7;indices de vegetacao (Index Database);nd (multiplos indices, nao listados individualmente);LASSO, Random Forest, XGBoost, stacked ensemble;nd (nao quantificado no resumo de congresso);RCV vs cluster-based Spatial CV (SCV) vs field-specific hold-out (LOFOCV), testados contra talhao independente;sim;sim;sim;nao;sim;;;;;nao;nao;nd;nd;extended abstract de 2 paginas, sem numeros de R2/RMSE explicitos, peer review mais leve que periodico (existe versao de periodico 2024 em J. Agriculture and Food Research nao acessada nesta sessao, ScienceDirect bloqueou 403);reusa - confirma LOFOCV/SCV como padrao operacional recomendado, sem custo de infra adicional;"RCV teve ""poor accuracy"" no talhao independente, SCV e LOFOCV ficaram ""within ranges of validation accuracy"", cita Ferraciolli et al. 2019 (cana, Brasil, Comp&Elec Agri, DOI 10.1016/j.compag.2018.09.003) como apoio - pista NAO verificada diretamente nesta sessao";sem_doi;;;sem_metrica;URL verificada: 200 (ok) (https://jassnet.org/hiroshima2023/PDF/A04-Luthfan%20Nur%20Habibi.pdf)
D-01;Kravchenko AN, Bullock DG;2000;Correlation of Corn and Soybean Grain Yield with Topography and Soil Properties;Agronomy Journal;10.2134/agronj2000.92175x;https://doi.org/10.2134/agronj2000.92175x;sim;abstract;sim;milho/soja;EUA;Illinois/Indiana;talhao;nenhum (amostragem direta de solo);nd;1994-1997;8;elevacao,declividade,curvatura,flow_accumulation,MO,CTC,P,K;nenhum;regressao (nao especificado);nd;nd;nao;nao;nao;nao;nao;solo~0.30 (5-71% por campo) / topo~0.20 (6-54% por campo);nd;nd;% variancia explicada;nao;nao;nao;nao;grande variacao campo a campo (5-71% solo, 6-54% topo);reusa (fertilidade e MDE ja existem);abstract truncado pela API Crossref, DOI verificado (titulo bate exatamente);ok;1.0;ok;confirmada_na_fonte;metrica_notacao: fonte usa percentual ('explained about 30%'/'about 20%'), CSV converteu para fracao decimal 0.30/0.20 - mesmo valor, unidade convertida
D-02;Kitchen NR, Drummond ST, Lund ED, Sudduth KA, Buchleiter GW;2003;Soil Electrical Conductivity and Topography Related to Yield for Three Contrasting Soil-Crop Systems;Agronomy Journal;10.2134/agronj2003.4830;https://www.ars.usda.gov/ARSUserFiles/50701000/cswq-0027-123811.pdf;sim;completo;sim;milho/soja/sorgo/trigo;EUA;Colorado/Kansas/Missouri;talhao;Veris 3100 ECa (raso+profundo);nd;1997-1999;3;ECa_raso,ECa_profundo,elevacao,declividade,curvatura,aspecto;nenhum;MLR, MQR, rede neural, boundary-line;rede neural / MQR (varia por site-year);nd;nao;nao;nao;nao;nao;0.21 (ECa) / 0.17 (topo) / 0.32 (combinado);nd;nd;R2 (adimensional, medias entre sites/anos);nao;nao (apenas R2/boundary-line);nao;nao;relacao ECa-yield e ano/campo-especifica, correlacao simples pouco util;reusa (CEa rasa/profunda e MDE ja existem na Invicta);9 site-years no total. Texto completo lido via PDF/pdftotext. Fonte=repositorio oficial USDA-ARS (ars.usda.gov), nao proxy, nao SD/MDPI/Wiley;ok;1.0;ok;confirmada_na_fonte;full_text_read corrigido de 'sim' para 'completo' (notes do proprio pesquisador: 'Texto completo lido via PDF/pdftotext')
D-03;Corwin DL, Lesch SM;2005;Apparent soil electrical conductivity measurements in agriculture;Computers and Electronics in Agriculture;10.1016/j.compag.2004.10.005;https://www.ars.usda.gov/arsuserfiles/20360500/pdf_pubs/P1917.pdf;sim;completo;sim;nd (revisao multi-cultura);EUA (revisao geral);nd;talhao;EM induction, Veris contato direto;nd;nd;nd (artigo de revisao);ECa,salinidade,argila,umidade,densidade,MO,temperatura_solo;nenhum;nd (revisao teorica);nd;nd;nd;nd;nd;nd;nao;nd;nd;nd;nd;nao;nao;nao;nao;"ECa ""often but not always"" relaciona-se a yield. E medida integradora de multiplas propriedades";reusa (CEa ja existe na Invicta);artigo de revisao classico/fundacional, sem estudo de caso proprio com metricas proprias. Fonte=repositorio oficial USDA-ARS (ars.usda.gov), nao proxy;ok;1.0;ok;sem_metrica;full_text_read corrigido de 'sim' para 'completo' (notes: fonte=repositorio oficial USDA-ARS, artigo de revisao acessado diretamente)
D-04;Maestrini B, Basso B;2018;Predicting spatial patterns of within-field crop yield variability;Field Crops Research;10.1016/j.fcr.2018.01.028;https://basso.psm.msu.edu/_assets/pdfs/Maestrini_and_basso_2018_FCR.pdf;sim;completo;sim;milho/soja/trigo/algodao;EUA;Midwest (8 estados);intra-talhao;RS aereo (banda vermelha, NDVI, temperatura) + yield historico;~0.30m (RS aereo);2014-2016 (RS), multi-anos (yield historico);571;banda_vermelha,NDVI,temperatura_superficie,yield_historico;NDVI;modelo linear misto;yield historico (milho, trigo, algodao) / NDVI pos-fato (soja);selecao por AICc;nao;nao;nao;nao;nao;nd;nd;nd;AICc (selecao de modelo, nao R2);sim (erro padrao dos coeficientes);nao;nao;nao;resolucao RS variavel (0.25-0.35m), comparacao limitada a 4 covariaveis, sem solo/CEa/relevo direto;reusa (historico de yield map ja existe via colheita.py);para soja RS supera historico, para milho/trigo/algodao historico supera RS. Fonte=site institucional do proprio autor (basso.psm.msu.edu, MSU), nao proxy;ok;1.0;ok;sem_metrica;full_text_read corrigido de 'sim' para 'completo' (notes: fonte=site institucional do proprio autor (basso.psm.msu.edu))
D-05;Maestrini B, Basso B;2018;Drivers of within-field spatial and temporal variability of crop yield across the US Midwest;Scientific Reports;10.1038/s41598-018-32779-3;https://www.nature.com/articles/s41598-018-32779-3;sim;completo;sim;milho/soja/trigo/algodao;EUA;Midwest (AR/KS/CO irrigado, MI/IL/IA/IN sequeiro);intra-talhao;MDE, precipitacao de estacoes, indicador de gleizacao;nd;>=3 anos por campo;338;TWI,precipitacao_maio,precipitacao_julho,probabilidade_gleizacao;TWI;modelo misto (efeitos aleatorios);nd;nd;nao;nao;nao;nao;nao;nd;nd;nd;TWI (adimensional), p-valor;sim (erro padrao dos efeitos fixos);nao;nao;nao;dados climaticos de estacoes (resolucao grosseira), correlacional nao causal, sinal ausente em campos irrigados;novo_barato (TWI derivavel do MDE ja existente, precipitacao ainda nao ingerida);TWI instavel=12.9 maior que estavel-alto=12.7 maior que estavel-baixo=12.4 (p<0.05, sequeiro). Fonte=nature.com direto, artigo Open Access sem paywall, nao proxy;ok;1.0;ok;sem_metrica;full_text_read corrigido de 'sim' para 'completo' (notes: fonte=nature.com direto, artigo Open Access sem paywall)
D-06;Khanal S, Fulton J, Klopfenstein A, Douridas N, Shearer S;2018;Integration of high resolution remotely sensed data and machine learning techniques for spatial prediction of soil properties and corn yield;Computers and Electronics in Agriculture;10.1016/j.compag.2018.07.016;https://doi.org/10.1016/j.compag.2018.07.016;sim;abstract;sim;milho;EUA;Ohio;talhao;MDE 1m + multiespectral solo nu 0.30m;1m (MDE) / 0.30m (imagem);2013;7;SOM,CEC,Mg,K,pH,topografia,indices_solo_vegetacao;indices de solo e vegetacao (nao especificados no abstract);LM,RF,NN,SVM,GBM,Cubist;RF (yield) / NN (SOM,CEC) / SVM (K,Mg) / GBM (pH);nd;nd;nd;nd;nao;nao;0.53 (yield, RF);0.97 (yield, RF);nd;provavel Mg/ha (nao explicito no abstract);nao;nao (apenas R2/RMSE, sem SHAP);nao;nao;apenas 1 safra, R2 baixo para K/Mg/pH (0.15-0.22);reusa (MDE ja existe, RS ja existe via Sentinel-2/CBERS);indices de solo/vegetacao superaram topografia em importancia relativa segundo o abstract. Fonte=API Semantic Scholar (abstract verbatim), ScienceDirect bloqueou 403 e foi descartado;ok;1.0;ok;confirmada_na_fonte;
D-07;Smidt ER, Conley SP, Zhu J, Arriaga FJ;2016;Identifying Field Attributes that Predict Soybean Yield Using Random Forest Analysis;Agronomy Journal;10.2134/agronj2015.0222;https://doi.org/10.2134/agronj2015.0222;sim;abstract;sim;soja;EUA;Wisconsin;talhao;taxa de semeadura, amostragem de solo, elevacao;nd;2013-2014;11;soil_map_unit,P,MO,agua_disponivel,K,elevacao,pH;nenhum;random forest;random forest;nd;nd;nd;nd;nao;nao;nd;nd;nd;nd;nao;sim (importancia de variaveis RF);nao;nao;apenas 2 anos, 1 estado, todos em rotacao apos milho;reusa (fertilidade e MDE ja existem);ranking muda entre dados agrupados (soil_map_unit domina) e por campo individual (elevacao domina). Fonte=API Crossref (abstract verbatim), Wiley bloqueou 403 e foi descartado;ok;1.0;ok;sem_metrica;
D-08;Tagliapietra EL, Zanon AJ, Streck NA, Balest D, da Rosa SL, Bexaira KP, Richter GL, Ribas GG, da Silva MR;2021;Biophysical and management factors causing yield gap in soybean in the subtropics of Brazil;Agronomy Journal;10.1002/agj2.20586;https://doi.org/10.1002/agj2.20586;sim;abstract;sim;soja;Brasil;subtropico (Rio Grande do Sul);regional (zonas climaticas);nenhum (modelagem crop model);nd;2011-2019;nd (zonas climaticas, nao talhoes);data_semeadura,grupo_maturacao,densidade_plantas,deficit_hidrico;nenhum;CSM CROPGRO (simulacao de cultura);nd;calibracao 2011-2019;nao;nao;nao;nao;nao;nd;nd;nd;Mg/ha, % do Yp;nao;nao;nao;nao;modelo de simulacao calibrado, nao ML estatistico sobre yield map observado;novo_barato (data de semeadura e grupo de maturacao nao capturados hoje na Invicta, sao baratos de adicionar);gap por deficit hidrico 26-62% do Yp. Gap por manejo 9-39% do Yp. Semeadura foi o principal fator de manejo. Fonte=API Crossref (abstract verbatim), Wiley bloqueou 403 e foi descartado;ok;1.0;ok;sem_metrica;
D-09;Adhikari K, Smith DR, Collins H, Hajda C, Acharya BS, Owens PR;2022;Mapping Within-Field Soil Health Variations Using Apparent Electrical Conductivity, Topography, and Machine Learning;Agronomy (MDPI);10.3390/agronomy12051019;https://doi.org/10.3390/agronomy12051019;sim;abstract;sim;nd (solo agricola generico, nao especifica soja);EUA;Texas;talhao;ECa + MDE;grid 5x5m (predicao) / 35x35m (amostragem);nd;1;ECa,wetness_index,valley_bottom_flatness,topographic_position_index;nenhum;random forest;random forest;nd;nd;nd;nao;nao;nao;0.24-0.90;nd;nd;R2 (adimensional);nao;sim (importancia de variaveis RF);nao;nao;mede saude do solo nao yield diretamente, escala de campo unico;reusa (CEa e MDE ja existem, grid 5m mais fino que a meta de 20m da Invicta);ECa+topografia atingem R2 ate 0.90 para indice de saude do solo em grade fina. Fonte=API Crossref (abstract verbatim), mdpi.com bloqueou 403/Access Denied e foi descartado;ok;1.0;ok;confirmada_na_fonte;
D-10;Maestrini B, Basso B;2021;Subfield crop yields and temporal stability in thousands of US Midwest fields;Precision Agriculture;10.1007/s11119-021-09810-1;https://doi.org/10.1007/s11119-021-09810-1;sim;abstract;sim;milho/algodao/soja/trigo;EUA;Midwest;intra-talhao;yield monitor historico;nd;multi-anos (5520 mapas);768;yield_historico,skewness,precipitacao_interanual;nenhum;algoritmo desvio-padrao e algoritmo percentil (two-way outlier);algoritmo percentil (menos enviesado);nd;nao;nao;nao;nao;nao;nd;nd;nd;Mg/ha (diferenca entre zonas);nao;nao;nao;nao;algoritmo SD enviesado para zonas instaveis, ganho de anos adicionais de historico e modesto;reusa (historico de yield map ja existe via colheita.py);diferenca alto-estavel vs baixo-estavel = 1.04 (milho) / 0.39 (algodao) / 0.34 (soja) / 0.59 (trigo) Mg/ha. Distribuicao negativamente assimetrica (p<0.05). Fonte=API Crossref (abstract verbatim), Springer bloqueou com redirect-loop e foi descartado;ok;1.0;ok;sem_metrica;
D-11;Oliveira FA, Franchini JC, Debiasi H;2011;Variabilidade espacial da produtividade da soja e da condutividade eletrica de um Latossolo Bruno;Embrapa Soja (publicacao tecnica);nd;https://www.embrapa.br/en/busca-de-publicacoes/-/publicacao/908829/variabilidade-espacial-da-produtividade-da-soja-e-da-condutividade-eletrica-de-um-latossolo-bruno;relatorio;abstract;sem_doi;soja;Brasil;Guarapuava, Parana;talhao;Veris 3100 ECa;nd;nd;1;ECa_0-0.3m,ECa_0-0.9m;nenhum;geoestatistica (semivariograma);nd;nd;nao;nao;nao;nao;nao;nd;nd;nd;nd;nao;nao;nao;nao;estudo de caso unico, sem R2 relatado no resumo disponivel;reusa (CEa ja existe), unico estudo brasileiro nesta lista;correlacao NEGATIVA entre CEa e produtividade de soja em Latossolo Bruno, consistente com Kitchen et al. 2003 (Kansas/Missouri). Fonte=pagina oficial embrapa.br via WebFetch direto, sem bloqueio, sem proxy;sem_doi;;;sem_metrica;URL verificada: 200 (ok) (https://www.embrapa.br/en/busca-de-publicacoes/-/publicacao/908829/variabilidade-espacial-da-produtividade-da-soja-e-da-condutividade-eletrica-de-um-latossolo-bruno) || CORRIGIDO: peer_reviewed='nao' nao e categoria valida (sim/preprint/tese/relatorio/comercial), reclassificado como 'relatorio' (publicacao tecnica da Embrapa Soja).
D-12;Smith HW, Heffernan CJ, Ashworth AJ, Nalley LL, Bullock DS, Tullis J, Owens PR;2026;Harvesting insights: interpretable machine learning to understand environmental drivers of U.S. maize and soybean yield;Scientific Reports;10.1038/s41598-026-38724-z;https://www.nature.com/articles/s41598-026-38724-z;sim;completo;sim;milho/soja;EUA;9 estados (NE,SD,IL,IA,IN,OH,OK,AR,PA);intra-talhao;clima publico + solo publico + MDE;grid 30m;multi-anos (incl. 2012, 2018);134 (crop-site-years);temp_max,radiacao_solar,precipitacao,declividade,elevacao,northness,dist_borda,Brooks-Corey_lambda,theta_r;nenhum;LightGBM (e outros testados);LightGBM;RFECV 5-fold, validacao por ano, validacao group-wise por estado;sim;sim;nao;sim;nao;0.87 (milho) / 0.90 (soja);1.12 (milho) / 0.46 (soja);nd;Mg/ha;nao;sim (SHAP e permutation importance);nao;nao;dados publicos de solo/clima em resolucao grosseira, efeito de temperatura extrema e ano-dependente, apenas EUA;novo_barato (SHAP viavel com libs leves ja cogitadas, falta ingestao de clima ERA5/NASA POWER);para SOJA terreno (declividade+elevacao) supera clima em importancia. Para MILHO clima domina (4 de 5 top features). Autocorrelacao residual detectada em 50m (abaixo da grade de 30m). Fonte=nature.com direto, artigo Open Access sem paywall, nao proxy | val_spatial(sim (group-wise por estado));ok;1.0;ok;confirmada_na_fonte;full_text_read corrigido de 'sim' para 'completo' (notes: fonte=nature.com direto, artigo Open Access sem paywall)
E-brasil-01;Berka LMS, Rudorff BFT, Shimabukuro YE;2003;Soybean yield estimation by an agrometeorological model in a GIS;Scientia Agricola;10.1590/s0103-90162003000300003;https://pdfs.semanticscholar.org/40c1/8873ef0d7a0307537714758fb194ac8e5aae.pdf;sim;completo;sim;soja;Brasil;Parana;municipio;CBERS-1 WFI (so delimitacao de area) + estacoes meteorologicas;nd (modelo agrometeorologico, nao pixel);5 safras (1996/97-2000/01);144 municipios;radiacao solar, chuva, temp ar, umidade relativa, vento, balanco hidrico;nenhum (nao espectral);modelo agrometeorologico deterministico AGROMET;AGROMET (unico modelo);comparacao de medias estaduais anuais vs SEAB (teste t pareado);nao;nao;nao;nao;sim;nd;nd;nd;kg/ha (diferenca absoluta reportada, nao RMSE);nao;nao;nao;nao;superestimou 10.8% em 96/97 por doenca fungica nao modelada, subestimou 10.5% em 00/01 por datas de semeadura e cultivares nao capturadas, rede de 32 estacoes limita resolucao da chuva;novo_barato - modelo mecanicista simples, ja superado pela infra de indices espectrais da Invicta;classico da linhagem INPE Rudorff e Batista, precursor conceitual dos modelos hibridos clima+RS | val_external(sim (comparado contra SEAB, fonte independente));ok;1.0;ok;sem_metrica;
E-brasil-02;Schwalbert RA;2019;Imagens de satelite para predicao espaco-temporal da produtividade de milho e soja em diferentes escalas geograficas;Tese de Doutorado - UFSM;nd;https://repositorio.ufsm.br/handle/1/19493;tese;abstract;sem_doi;milho e soja;Brasil e EUA;Rio Grande do Sul (soja) e Corn Belt EUA (milho);municipio (soja), condado (milho-EUA);satelite (NDVI, EVI, provavel MODIS);nd;nd (nao especificado no resumo);municipios do RS (numero nd);NDVI, EVI, temperatura do ar, temperatura de dossel, deficit de pressao de vapor;NDVI, EVI;OLS, Random Forest, LSTM;LSTM;nd (nao detalhado no resumo acessado);nd;nd;nao;nd;nd;nd;nd;0.42;Mg/ha (soja, cerca de 70 dias antes da colheita);nao;nao;nd;nd;capacidade de generalizacao limitada fora dos limites onde os modelos foram ajustados;novo_barato - LSTM municipal, pipeline clima+NDVI reaproveitavel mas escala nao serve para MVP intra-talhao;tese-origem do artigo Schwalbert et al 2020 (E-brasil-11);sem_doi;;;confirmada_na_fonte;URL verificada: 200 (ok) (https://repositorio.ufsm.br/handle/1/19493)
E-brasil-03;Wendling A;2014;Sensoriamento remoto para identificacao das causas da variabilidade no indice de massa da soja;Tese de Doutorado - UFSM;nd;https://repositorio.ufsm.br/handle/1/3621;tese;abstract;sem_doi;soja;Brasil;Rio Grande do Sul;intra-talhao;espectrorradiometro de campo, sensor ativo tipo Crop Circle/GreenSeeker, imagem de satelite;nd;nd;talhao experimental (numero nd);nematoides (Meloidogyne sp., Heterodera glycines), fertilidade do solo, compactacao, declividade, densidade de plantas;indice de massa (proxy de biomassa, formula nao especificada);correlacao e regressao (nao ML);sensor ativo (melhor desempenho entre os 3 sensores);nd;nd;nao;nao;nao;nao;nd;nd;nd;nd;nao;nao;nao;nao;nao e modelo preditivo de yield colhido e sim de indice de massa/biomassa, nao testa ML, sem correlacao com fertilidade/compactacao do solo;novo_barato - motiva incluir CEa, fertilidade e relevo como covariaveis, que a Invicta ja tem;unico estudo achado que testa nematoides como causa de variabilidade espacial da soja no Brasil;sem_doi;;;sem_metrica;URL verificada: 200 (ok) (https://repositorio.ufsm.br/handle/1/3621)
E-brasil-04;Mohite JD, Sawant SA, Pandit A, Agrawal R, Pappula S;2023;Soybean crop yield prediction by integration of remote sensing and weather observations;ISPRS Archives XLVIII-M-1-2023 (ISRSE-39);10.5194/isprs-archives-XLVIII-M-1-2023-197-2023;https://isprs-archives.copernicus.org/articles/XLVIII-M-1-2023/197/2023/isprs-archives-XLVIII-M-1-2023-197-2023.pdf;sim;completo;sim;soja;Brasil;Parana;municipio;MODIS (MOD09GA/MYD09GA, MOD11A1/MYD11A1), CHIRPS;1 km MODIS, cerca de 5 km CHIRPS, agregado por municipio;safras 2005/06-2020/21 (o artigo declara 15 MUNICIPIOS e o intervalo 2005/06-2020/21 mas nao declara o numero de safras - o intervalo corresponde a 16 safras. O 15 safras registrado antes confundia municipios com safras);15 municipios;NDVI (max min media), EVI (max min media), LST (max min media), chuva acumulada - 18 features;NDVI, EVI;MLR, Random Forest Regression, SVR;Random Forest Regression (ntree=200, mtry=5);split 80/20 aleatorio + 3-fold CV para tuning + validacao explicita em safra nova 2020/21 held-out;sim;nao;nao;sim;sim;0.748 teste 20%, 0.693 safra nova 2020/21;414 teste 20%, 585 safra nova;nd;kg/ha;nao;nao;nao;nao (dado AGROLINK publico mas nao redistribuido);CHIRPS com resolucao grosseira cerca de 5km para chuva, nivel municipio nao intra-talhao, nao testou deep learning;reusa - MODIS+CHIRPS+RF compativel com stack CPU-only da Invicta, mas escala municipal nao serve ao MVP intra-talhao;queda de R2 de 0.748 (split aleatorio) para 0.693 (safra nova) evidencia otimismo do split aleatorio mesmo em escala municipal. Autores de empresa indiana TCS estudando o Brasil;ok;1.0;ok;confirmada_na_fonte;
E-brasil-05;Pessina ALR;2024;Aprendizado de maquina para predicao da produtividade mesorregional de soja utilizando dados publicos de estacoes meteorologicas no Brasil;Monografia MBA Inteligencia Artificial e Big Data - ICMC-USP;nd;https://bdta.abcd.usp.br/directbitstream/1d67e4f3-507e-4854-9f1a-f22f0d3a8192/Andre_Leal_Raymundo_Pessina.pdf;relatorio;completo;sem_doi;soja;Brasil;56 mesorregioes (nacional);regional;nenhum (apenas estacoes meteorologicas automaticas);nd;15 safras (2009-2023);56 mesorregioes;variaveis meteorologicas agregadas mensal, bimestral, trimestral;nenhum;varios algoritmos nao listados individualmente, CNN sobre recurrence plots, Random Forest;Random Forest;cross-validation + conjunto de teste separado, esquema exato nao detalhado;nd;nao;nao;nd;nd;nd;nd;nd;MAPE % (unico reportado, 8% no teste);nao;nao;nd;sim (dados publicos de estacoes);desempenho precisaria melhorar para aplicacao nacional, viavel so em algumas mesorregioes. CNN sobre recurrence plots exigiu mais poder computacional e nao superou RF;novo_barato - RF tabular sobre clima e leve e CPU-only, mas e regional e sem sensoriamento remoto;MAPE de 8% com RF apos otimizacao. Baseline climatico puro sem RS;sem_doi;;;sem_metrica;URL verificada: 200 (ok) (https://bdta.abcd.usp.br/directbitstream/1d67e4f3-507e-4854-9f1a-f22f0d3a8192/Andre_Leal_Raymundo_Pessina.pdf)
E-brasil-07;Barbosa dos Santos V, dos Santos AF, da Silva Cabral de Moraes JR, de Oliveira Vieira IC, de Souza Rolim G;2021;Machine learning algorithms for soybean yield forecasting in the Brazilian Cerrado;Journal of the Science of Food and Agriculture;10.1002/jsfa.11713;https://onlinelibrary.wiley.com/doi/full/10.1002/jsfa.11713;sim;abstract;sim;soja;Brasil;MATOPIBA (Maranhao, Tocantins, Piaui, Bahia);regional;nd, indicios de dados meteorologicos NASA-POWER sem sensoriamento remoto, nao verbatim;nd;nd;nd;nd;nenhum;nd, RF citado no abstract, outros modelos citados em fontes nao verbatim;Random Forest;nd (nao confirmado por leitura verbatim);nd;nd;nao;nd;nd;0.81;176.93;nd;kg/ha;nao;nao;nd;nd;nao confirmado, acesso restrito apenas ao abstract via Semantic Scholar;novo_barato se confirmado que e so clima. Escala regional nao serve para intra-talhao;validar detalhes com acesso institucional Wiley;ok;1.0;ok;confirmada_na_fonte;
E-brasil-08;Amaral LR, Oldoni H, Baptista GMM, Ferreira GHS, Freitas RG, Martins CL, Cunha IA, Santos AF;2024;Remote sensing imagery to predict soybean yield: a case study of vegetation indices contribution;Precision Agriculture;10.1007/s11119-024-10174-5;https://link.springer.com/article/10.1007/s11119-024-10174-5;sim;so_metadados;sim;soja;Brasil;nd, grupo ex-ESALQ/Molin;talhao, indicios de 4 talhoes nao verbatim;nd;nd;nd;nd;nd;indicios de 12 indices de vegetacao, nao verbatim;Random Forest, indicio nao verbatim;nd;nd;nd;nd;nao;nd;nd;nd;nd;nd;nd;nao;nao;nd;nd;abstract bloqueado pelo editor Springer, nenhuma metrica pode ser confirmada verbatim nesta sessao;novo_barato, grupo a acompanhar, mas sem dados verificaveis ainda;registrado so por rastreabilidade. NAO usar metricas ate acesso institucional;ok;1.0;ok;sem_metrica;
E-brasil-09;Freitas RG, Oldoni H, Joaquim LF, Pozzuto JVF, Amaral LR;2024;Predicting on-farm soybean yield variability using texture measures on Sentinel-2 image;Precision Agriculture;10.1007/s11119-024-10176-3;https://link.springer.com/article/10.1007/s11119-024-10176-3;sim;so_metadados;sim;soja;Brasil;nd;on-farm, provavel intra-talhao/entre-talhoes;Sentinel-2, medidas de textura, nao so indices pontuais;nd;nd;nd;nd;medidas de textura de imagem Sentinel-2;nd;nd;nd;nd;nd;nd;nao;nd;nd;nd;nd;nd;nao;nao;nd;nd;abstract bloqueado pelo editor Springer, nenhuma metrica pode ser confirmada verbatim nesta sessao;novo_barato, linha metodologica de textura pouco explorada no Brasil, mas sem dados verificaveis;registrado so por rastreabilidade. NAO usar metricas ate acesso institucional;ok;1.0;ok;sem_metrica;
E-brasil-10;Song XP, Li H, Potapov P, Hansen MC;2022;Annual 30 m soybean yield mapping in Brazil using long-term satellite observations, climate data and machine learning;Agricultural and Forest Meteorology;10.1016/j.agrformet.2022.109186;https://www.sciencedirect.com/science/article/abs/pii/S0168192322003732;sim;so_metadados;sim;soja;Brasil;nacional;regional, mapa de 30 m calibrado com alvo municipal e nao com mapa de colhedora;Landsat + MODIS, 20 anos (2001-2019);30 m;19 anos (2001-2019);nd, nacional, calibrado por municipio;indicios de fenologia multi-temporal Landsat/MODIS + clima + solo, nao verbatim;nd;Random Forest e regressao linear, indicio nao verbatim;nd;nd;nd;nd;nd;nd;nd;nd;nd;nd;nd;nao;nao;nd;nd;abstract nao disponibilizado nem via Semantic Scholar nem Crossref, nenhuma metrica pode ser confirmada verbatim nesta sessao;infra_nova - Landsat+MODIS 20 anos e processamento em escala GEE foge do stack atual;registrado so por rastreabilidade. Alvo de treino e estatistica municipal, nao mapa de colhedora - diferente conceitualmente de um produto intra-talhao;ok;1.0;ok;sem_metrica;
G-01;Romano Y., Patterson E., Candès E.;2019;Conformalized Quantile Regression;NeurIPS 2019;;https://proceedings.neurips.cc/paper/2019/hash/5103c3584b063c431bd1268e9b5e76fb-Abstract.html;sim;abstract;sem_doi;nd;nd;nd;nd;nd;nd;nd;nd;nd;nd;quantile regression + calibracao conformal (CQR);nd;benchmarks de regressao tabular genericos;nd;nao;nao;nao;nao;;;;nd;sim - CQR, intervalos com cobertura valida finita-amostra;nao;nd;nd;pressupoe exchangeability i.i.d. entre treino calibracao e teste, nao trata dependencia espacial;novo_barato - MAPIE/lightgbm quantile sao CPU-only e leves de adicionar ao backend;base teorica citada por quase toda a literatura de intervalo defensavel tipo 63,4 sc/ha (58,9-67,8);sem_doi;;;sem_metrica;URL verificada: 200 (ok) (https://proceedings.neurips.cc/paper/2019/hash/5103c3584b063c431bd1268e9b5e76fb-Abstract.html)
G-02;Meinshausen N.;2006;Quantile Regression Forests;Journal of Machine Learning Research v7 p983-999;;https://jmlr.org/papers/v7/meinshausen06a.html;sim;completo;sem_doi;nd;nd;nd;nd;nd;nd;nd;nd;nd;nd;quantile regression forest (QRF);nd;exemplos numericos genericos, consistencia assintotica provada;nd;nao;nao;nao;nao;;;;nd;sim - QRF estima quantis condicionais completos, nao so a media;nao;nd;nd;consistencia assintotica pressupoe observacoes i.i.d., nao cobre dependencia espacial nem paineis curtos;novo_barato - biblioteca quantile-forest (scikit-learn-contrib) e CPU-only, compativel com stack atual;fundamenta a biblioteca quantile-forest citada no SPEC;sem_doi;;;sem_metrica;URL verificada: 200 (ok) (https://jmlr.org/papers/v7/meinshausen06a.html)
G-03;Angelopoulos A.N., Bates S.;2023;Conformal Prediction: A Gentle Introduction;arXiv preprint (publicado como monografia em Foundations and Trends in Machine Learning v16 n4, 2023);10.1561/2200000101;https://arxiv.org/abs/2107.07511;sim;abstract;sim;nd;nd;nd;nd;nd;nd;nd;nd;nd;nd;tutorial - nao propoe modelo novo;nd;tutorial teorico, nao ha validacao empirica agricola;nd;nao;nao;nao;nao;;;;nd;sim - revisao de split conformal, distribution shift, series temporais;nao;nd;nd;e um tutorial/review, nao traz validacao empirica em dados agricolas nem trata dependencia espacial explicitamente;reusa - referencia conceitual para justificar escolha de metodo, sem custo de implementacao;DOI 10.1561/2200000101 verificado no Crossref para a versao monografia publicada | titulo_preprint_original='A Gentle Introduction to Conformal Prediction and Distribution-Free Uncertainty Quantification' (arXiv 2021, mesmo DOI da versao publicada 2023);ok;1.0;ok;sem_metrica;CORRIGIDO: titulo/ano/peer_reviewed originais eram do preprint arXiv ('A Gentle Introduction to Conformal Prediction and Distribution-Free Uncertainty Quantification', 2021, peer_reviewed=preprint), o DOI 10.1561/2200000101 registrado no CSV aponta para a monografia PUBLICADA em Foundations and Trends in Machine Learning (2023), confirmada via Crossref (type=journal-article). Titulo/ano/peer_reviewed corrigidos para a versao publicada, titulo do preprint preservado em notes.
G-04;Mao H., Martin R., Reich B.;2024;Valid Model-Free Spatial Prediction;Journal of the American Statistical Association v119 n546 p904-914;10.1080/01621459.2022.2147531;https://arxiv.org/abs/2006.15640;sim;abstract;sim;nd;nd;nd;nd;nd;nd;nd;nd;nd;nd;conformal prediction espacial local (exchangeability local aproximada sob infill asymptotics);nd;dados reais e simulados nao especificados no abstract;nd;nao;nd;nao;nao;;;;nd;sim - metodo central: intervalos de predicao espacial validos sem supor estacionariedade;nao;nd;nd;abstract nao relata metricas numericas para agricultura, regime de infill asymptotics requer amostragem espacial densa, a validar com poucos talhoes-safra (20-100);novo_barato - requer apenas numpy/scipy (ja no stack) para definir vizinhanca e calibracao local, sem GPU;referencia chave para nao somar variancias independentes entre pixels correlacionados de um mesmo talhao | correcao pos-verificacao: val_field_out era 'sim', incoerente com o proprio campo validation ('nao especificado no abstract') - rebaixado para nd;ok;1.0;ok;sem_metrica;
G-05;Duan T., Avati A., Ding D.Y., Thai K.K., Basu S., Ng A., Schuler A.;2020;NGBoost: Natural Gradient Boosting for Probabilistic Prediction;Proceedings of the 37th ICML, PMLR v119 p2690-2700;;https://proceedings.mlr.press/v119/duan20a.html;sim;abstract;sem_doi;nd;nd;nd;nd;nd;nd;nd;nd;nd;nd;NGBoost (gradient boosting com gradiente natural sobre parametros de distribuicao);nd;nao especificada no abstract;nd;nao;nao;nao;nao;;;;nd;sim - predicao probabilistica completa (parametrica) via boosting;nao;sim (github stanfordmlgroup/ngboost, Apache-2.0, 1889 stars, ativo em 2026);nd;pressupoe familia parametrica para a distribuicao condicional, menos flexivel que QRF/conformal para erros assimetricos;novo_barato - pacote ngboost e CPU-only e leve, ainda nao esta nas libs pinadas do backend;alternativa parametrica a QRF/conformal para intervalos de producao;sem_doi;;;sem_metrica;URL verificada: 200 (ok) (https://proceedings.mlr.press/v119/duan20a.html)
G-06;Gyamerah S.A., Ngare P., Ikpe D.;2020;Probabilistic forecasting of crop yields via quantile random forest and Epanechnikov Kernel function;Agricultural and Forest Meteorology v280 art107808;10.1016/j.agrformet.2019.107808;https://arxiv.org/abs/1904.10959;sim;abstract;sim;amendoim (groundnut) e milheto (millet);Gana;nd;municipio;nd;nd;nd;nd;nd;nd;quantile random forest + kernel Epanechnikov (QRF-SJ);QRF-SJ;estudo de caso com dados anuais de producao;nd;nao;nao;nao;nao;;;;nd;sim - intervalos de predicao e densidade de probabilidade completa da produtividade;nao (usa feature importance de RF, nao SHAP);nd;nd;escala nacional/anual agregada, nao intra-talhao, sem soja, sem validacao espacial explicita;novo_barato - QRF ja e a base da lib quantile-forest recomendada, aplicavel em escala de talhao;exemplo aplicado de QRF com estimacao de densidade completa, nao so intervalo;ok;1.0;ok;sem_metrica;
G-07;Lundberg S.M., Erion G., Chen H., DeGrave A., Prutkin J.M., Nair B., Katz R., Himmelfarb J., Bansal N., Lee S.-I.;2020;From local explanations to global understanding with explainable AI for trees;Nature Machine Intelligence v2 p56-67;10.1038/s42256-019-0138-9;https://arxiv.org/abs/1905.04610;sim;abstract;sim;nd (aplicacao medica no artigo original);nd;nd;nd;nd;nd;nd;nd;nd;nd;TreeSHAP (algoritmo exato polinomial de valores de Shapley para arvores);nd;3 problemas medicos, nao agricolas;nd;nao;nao;nao;nao;;;;nd;nao;sim - TreeSHAP, interaction values, agregacao de explicacoes locais em estrutura global;sim (biblioteca shap, MIT, 25762 stars, muito ativa);nd;validado apenas em dominio medico, SHAP com features correlacionadas pode distribuir importancia de forma enganosa entre variaveis colineares;novo_barato - biblioteca shap e CPU-only, aplicavel direto a RF/XGBoost/LightGBM ja cogitados;referencia canonica de TreeSHAP, central para explicabilidade em modelos de arvore;ok;1.0;ok;sem_metrica;
G-08;Apley D.W., Zhu J.;2020;Visualizing the Effects of Predictor Variables in Black Box Supervised Learning Models;Journal of the Royal Statistical Society Series B v82 n4 p1059-1086;10.1111/rssb.12377;https://arxiv.org/abs/1612.08468;sim;abstract;sim;nd;nd;nd;nd;nd;nd;nd;nd;nd;nd;Accumulated Local Effects (ALE);nd;exemplos simulados e dados observacionais genericos;nd;nao;nao;nao;nao;;;;nd;nao;sim - ALE como alternativa a PDP sob features correlacionadas;sim (pacote ALEPlot em R, portado para Python como PyALE);nd;efeitos de interacao 2D em ALE sao mais dificeis de interpretar visualmente que PDP 2D, nao resolve causalidade;novo_barato - implementacao ALE e CPU-only e leve (PyALE ou calculo manual com pandas/numpy);demonstra formalmente por que PDP falha com features correlacionadas (extrapolacao fora do envelope multivariado dos dados);ok;1.0;ok;sem_metrica;
G-09;Molnar C., Konig G., Herbinger J., Freiesleben T., Dandl S., Scholbeck C.A., Casalicchio G., Grosse-Wentrup M., Bischl B.;2022;General Pitfalls of Model-Agnostic Interpretation Methods for Machine Learning Models;xxAI - Beyond Explainable AI, LNCS/LNAI v13200, Springer, p39-68;10.1007/978-3-031-04083-2_4;https://arxiv.org/abs/2007.04131;sim;abstract;sim;nd;nd;nd;nd;nd;nd;nd;nd;nd;nd;revisao - nao propoe modelo novo;nd;nao aplicavel (artigo de revisao);nd;nao;nao;nao;nao;;;;nd;sim - discute ignorar incerteza como um dos pitfalls gerais;sim - PDP, permutation feature importance e valores de Shapley, foco em pitfalls;nao aplicavel;nao aplicavel;e uma revisao/perspectiva, nao traz metodo corretivo alem dos ja existentes (ALE, MCR etc.);reusa - nao exige implementacao, serve como checklist de comunicacao e boas praticas;referencia de sintese direta para a secao de armadilhas do brief (features correlacionadas, causalidade indevida, alta dimensionalidade);ok;1.0;ok;sem_metrica;
G-11;Najjar H., Miranda M., Nuske M., Roscher R., Dengel A.;2024;Explainability of Sub-Field Level Crop Yield Prediction using Remote Sensing;arXiv preprint (nao localizada versao revisada por pares nesta sessao);;https://arxiv.org/abs/2407.08274;preprint;abstract;sem_doi;soja, trigo, colza;Argentina, Uruguai, Alemanha;nd;intra-talhao;satelite (sensor nao especificado no abstract);nd;nd;nd;nd;nd;LSTM sobre serie temporal de imagens de satelite;nd;nao especificado no abstract;nd;nd;nd;nd;nd;;;;nd;nao;sim - feature attribution methods para identificar estagios fenologicos criticos e variabilidade intra-talhao;nd;nd;abstract nao especifica sensor, resolucao espacial nem metricas de erro, peer review nao confirmado, regiao Argentina/Uruguai/Alemanha e nao Brasil;infra_nova - LSTM exige pipeline de deep learning (PyTorch/TF) que o perfil Invicta hoje evita (GPU seria custo novo relevante);estudo mais proximo do problema exato da Invicta (explicabilidade intra-talhao para soja via sensoriamento remoto) | val_field_out(sim (nivel de talhao)) | correcao pos-verificacao: val_field_out era 'sim', incoerente com o proprio campo validation ('nao especificado no abstract') - rebaixado para nd;sem_doi;;;sem_metrica;URL verificada: 200 (ok) (https://arxiv.org/abs/2407.08274)
G-12;Fisher A., Rudin C., Dominici F.;2019;All Models are Wrong, but Many are Useful: Learning a Variable's Importance by Studying an Entire Class of Prediction Models Simultaneously;Journal of Machine Learning Research v20 n177 p1-81;;https://jmlr.org/papers/v20/18-760.html;sim;completo;sem_doi;nd;nd;nd;nd;nd;nd;nd;nd;nd;nd;Model Class Reliance (MCR) / permutation importance;nd;dados publicos de reincidencia criminal (Broward County), nao agricola;nd;nao;nao;nao;nao;;;;nd;nao;sim - MCR generaliza permutation importance para uma classe inteira de modelos quase-otimos;nd;nd;aplicacao empirica e em justica criminal, nao agricultura, e MCR e mais caro computacionalmente que permutation importance simples;novo_barato - calculo usa apenas reamostragem de modelos ja treinados, CPU-only;expoe que importancia de uma variavel pode mudar entre modelos igualmente bons (Rashomon set), relevante para instabilidade de SHAP entre folds;sem_doi;;;sem_metrica;URL verificada: 200 (ok) (https://jmlr.org/papers/v20/18-760.html)
G-13;Ma Y., Zhang Z., Kang Y., Ozdogan M.;2021;Corn yield prediction and uncertainty analysis based on remotely sensed variables using a Bayesian neural network approach;Remote Sensing of Environment v259 art112408;10.1016/j.rse.2021.112408;https://api.semanticscholar.org/graph/v1/paper/DOI:10.1016/j.rse.2021.112408;sim;abstract;sim;milho;Estados Unidos;Corn Belt;municipio;satelite (serie temporal, sensor nao especificado no abstract) + clima + mapas de solo;nd;desde 2001, teste 2010-2019;nd (nivel de condado);satelite, clima, propriedades do solo, historico de produtividade;nd;Bayesian Neural Network (BNN);BNN;treino com anos anteriores, teste em 2010-2019;nao;nao;nao;sim;nao;0,77 (medio, late-season), ~0,75 (meados de agosto, ~2 meses pre-colheita);;;R2 adimensional;sim - BNN com intervalo de confianca de 95%, cobertura empirica de 84% das observacoes;nao;nd;nd;cobertura empirica de 84% ficou abaixo do nominal de 95% indicando intervalos possivelmente subestimados, escala de condado e nao intra-talhao, nao e soja nem Brasil;reusa parcial - abordagem bayesiana relevante como referencia conceitual mas BNN exige mais esforco de implementacao (nao ha lib pinada), abstract obtido via API Semantic Scholar (ScienceDirect direto retornou 403, nao contornado por proxy);unico estudo do eixo com avaliacao explicita de cobertura empirica do intervalo de confianca e sua evolucao ao longo da safra;ok;1.0;ok;confirmada_na_fonte;
G-14;Xiong T., Xia M., Li G., Li J., Xia W.;2025;Beyond point forecasting: Probability density forecasting of corn yield based on quantile regression forest;International Food and Agribusiness Management Review v28 n2;10.22434/ifamr1134;https://api.openalex.org/works/doi:10.22434/ifamr1134;sim;abstract;sim;milho;China;nd;municipio;nao aplicavel (dados de painel meteorologico, nao sensoriamento remoto);nd;1984-2019 (36 anos);1260 municipios (condados);13 variaveis meteorologicas;nao aplicavel;quantile regression forest (QRF) + LASSO, comparado a quantile regression linear e quantile regression neural network;QRF com LASSO;painel de 36 anos, 1260 condados, comparacao entre metodos quantilicos;nd;nao;nao;nd;nao;;;;nd;sim - previsao de densidade de probabilidade completa (nao so intervalo), comparando QRF, regressao quantilica linear e rede neural quantilica;nao;nd;nd;metricas numericas (R2, RMSE) nao vieram no abstract e nao foram registradas, milho China escala de condado, nao soja nem Brasil nem intra-talhao;novo_barato - reforca QRF como abordagem robusta e barata (CPU-only) frente a alternativas de rede neural mais custosas, abstract obtido via API OpenAlex (brill.com direto retornou 403, nao contornado por proxy);resultado negativo relevante: rede neural quantilica NAO superou regressao quantilica tradicional, reforcando nao presumir vencedor por complexidade;ok;1.0;ok;sem_metrica;
H-01;Haghighattalab A, Crain J, Mondal S, Rutkoski J, Singh RP, Poland J;2017;Application of Geographically Weighted Regression to Improve Grain Yield Prediction from Unmanned Aerial System Imagery;Crop Science;10.2135/cropsci2016.12.1016;https://doi.org/10.2135/cropsci2016.12.1016;sim;abstract;sim;trigo;Mexico;Sonora (CIMMYT Ciudad Obregon);talhao;UAS camera RGB;nd;nd;nd (2 ambientes: irrigado e seca);vegetation indices from UAS imagery;nd;GWR vs PCR;GWR;nd;nd;nd;nd;nd;nd;vazio;vazio;vazio;nd;nao;nao;nd;nd;abstract nao detalha esquema de validacao nem numero exato de safras;novo_barato - GWR e regressao local geoestatistica, leve, complementa krigagem ja existente (pykrige);r=0.74 (seca) e r=0.46 (irrigado). Residuos do GWR menores e menos dependentes espacialmente que PCR [H-01];ok;1.0;ok;sem_metrica;
H-03;Crusiol LGT, Nanni MR, Furlanetto RH, Sibaldelli RNR, Cezar E, Sun L, Foloni JSS, Mertz-Henning LM, Nepomuceno AL, Neumaier N, Farias JRB;2021;Yield Prediction in Soybean Crop Grown under Different Levels of Water Availability Using Reflectance Spectroscopy and Partial Least Squares Regression;Remote Sensing (MDPI);10.3390/rs13050977;https://doi.org/10.3390/rs13050977;sim;abstract;sim;soja;Brasil;Londrina PR (Embrapa Soja);talhao;espectrorradiometro de campo (proximal, folha, 400-2500nm);nd (pontual/folha, nao grid);3 (2016/17, 2017/18, 2018/19);parcelas experimentais (split-plot, 4 blocos);reflectancia foliar hiperespectral;nd;PLSR;PLSR (estadio R5);calibracao / validacao cruzada / validacao externa;sim;nao;nao;nd;sim;0.731-0.924 (por safra, R5). 0.775/0.730/0.688 (calib/cv/ext, modelo unico 3 safras);334-403 kg/ha (por safra, R5). Menor que 634 kg/ha (modelo unico);vazio;kg/ha;nao;nao;nd;nd;sensoriamento proximal de folha (nao orbital), escala de parcela experimental, nao de talhao comercial;infra_nova - exige espectrorradiometro de campo, Invicta hoje so tem Sentinel-2/CBERS orbital;Melhor acuracia no estadio R5. PLSR mais acurado sob deficit hidrico (vegetativo ou reprodutivo) que sob chuva natural/irrigacao [H-03];ok;1.0;ok;confirmada_na_fonte;
H-04;Saravanakumar R, Jain R, Singh VK, Bharadwaj A, Sehgal VK, Biswas A, Arora A, Krishna H;2026;Hybridizing deep learning algorithms and geostatistical approaches for improved crop yield disaggregation;PLOS One;10.1371/journal.pone.0344081;https://doi.org/10.1371/journal.pone.0344081;sim;completo;sim;trigo e mostarda;India;Haryana (Hisar e Bhiwani);municipio;Sentinel-1 (SAR) + Sentinel-2 (multiespectral);pixel (~10-20m) desagregado de nivel vilarejo;nd;nd (estatisticas de vilarejo, nao talhoes individuais);SAR e optico VIs, ERA5-Land (clima), SoilGrids250m (solo);nd;RF, LSTM, GRU + krigagem de residuos (regression-kriging);GRU com krigagem (melhor equilibrio realismo espacial/acuracia);agregacao pixel para vilarejo/bloco vs estatisticas oficiais;nd;sim;nao;nd;sim;RF=0.9949 (sem realismo espacial), LSTM=0.9013, GRU=0.9024, GRU+krigagem=0.886 (nivel vilarejo);reducao de 35-45% apos krigagem dos residuos (ex: GRU 3.07 para 1.85 q/ha, LSTM 3.56 para 1.96 q/ha);vazio;q/ha;nao;nao;nd;nd;RF com R2 altissimo mas mapas pixel-level pouco realistas espacialmente (overfitting/suavizacao). E desagregacao de estatistica oficial, nao predicao direta em talhao comercial;reusa - Invicta ja tem pykrige (interp.py). Aplicar krigagem sobre residuos de RF/GBM e extensao barata e direta;Reducao de RMSE de 35-45 por cento apos krigagem dos residuos, conforme reportado no artigo [H-04]. Demonstra valor de krigagem residual mesmo com modelo de base ja acurado mas espacialmente irreal;ok;1.0;ok;confirmada_na_fonte;
H-05;Cordoba M, Balzarini M;2021;A random forest-based algorithm for data-intensive spatial interpolation in crop yield mapping;Computers and Electronics in Agriculture;10.1016/j.compag.2021.106094;https://doi.org/10.1016/j.compag.2021.106094;sim;so_metadados;sim;nd;nd;nd;nd;nd;nd;nd;nd;nd;nd;RFsp (random forest spatial interpolation) - nao confirmado;nd;nd;nd;nd;nd;nd;nd;vazio;vazio;vazio;nd;nd;nd;nd;nd;nenhuma rota permitida (OpenAlex, Semantic Scholar, EuropePMC, Crossref) devolveu abstract. ScienceDirect bloqueado com 403, sem proxy usado;nd - dados insuficientes para avaliar compatibilidade;Titulo indica metodo RFsp (estilo Hengl et al. 2018) para mapas de produtividade. Sem abstract acessivel pelas rotas permitidas [H-05];ok;1.0;ok;sem_metrica;
H-06;Maimaitijiang M, Sagan V, Sidike P, Hartling S, Esposito F, Fritschi FB;2020;Soybean yield prediction from UAV using multimodal data fusion and deep learning;Remote Sensing of Environment;10.1016/j.rse.2019.111599;https://doi.org/10.1016/j.rse.2019.111599;sim;abstract;sim;soja;EUA;Columbia Missouri;talhao;UAV RGB + multiespectral + termico (multimodal);nd (UAV alta resolucao, GSD nao informado no abstract);nd (1 site de teste);1 site (genotipos Dwight, Pana, AG3432);canopy spectral, structure, thermal, texture features;nd;PLSR, RFR, SVR, DNN-F1 (fusao entrada), DNN-F2 (fusao intermediaria);DNN-F2 (fusao multimodal intermediaria);nd;nd;sim;nao;nao;nd;0.720;vazio;vazio;15.9% (RMSE relativo);nao;nao;nd;nd;site unico, poucos genotipos. Fusao multimodal exige multiplos sensores UAV simultaneos;infra_nova - exige sensores termicos/estrutura em UAV (nao ha na Invicta hoje, so orbital) + GPU para DNN;Fusao multimodal supera sensor unico. DNN menos sujeito a saturacao em alta biomassa que modelos lineares [H-06] | val_spatial(sim (menor dependencia espacial nos residuos));ok;1.0;ok;confirmada_na_fonte;
H-07;Jones EJ, Bishop TFA, Malone BP, Hulme PJ, Whelan BM, Filippi P;2022;Identifying causes of crop yield variability with interpretive machine learning;Computers and Electronics in Agriculture;10.1016/j.compag.2021.106632;https://doi.org/10.1016/j.compag.2021.106632;sim;so_metadados;sim;nd;nd;nd;nd;nd;nd;nd;nd;nd;nd;nd;nd;nd;nd;nd;nd;nd;nd;vazio;vazio;vazio;nd;nd;nd;nd;nd;nenhuma rota permitida (OpenAlex, Semantic Scholar, EuropePMC, Crossref) devolveu abstract. ScienceDirect bloqueado com 403, sem proxy usado;nd - dados insuficientes para avaliar compatibilidade;Alvo bloqueado da lacuna 2 (SHAP, algodao, grid 20 m). Sem abstract acessivel pelas rotas permitidas [H-07];ok;1.0;ok;sem_metrica;
H-08;Leroux C, Tisseyre B;2018 (online) / 2019 (fasciculo);How to measure and report within-field variability: a review of common indicators and their sensitivity;Precision Agriculture;10.1007/s11119-018-9598-x;https://doi.org/10.1007/s11119-018-9598-x;sim;abstract;sim;nd (revisao, multi-cultura);nd;nd;talhao (conceitual);nd;nd;nd;nd;nd;nd;nd (revisao metodologica);nd;nd;nd;nd;nd;nd;nd;vazio;vazio;vazio;nd;nao;nao;nd;nd;e revisao de indicadores, nao estudo empirico de predicao de produtividade;reusa - referencial para padronizar como reportar variabilidade espacial dos mapas/predicoes da Invicta;Fornece arvore de decisao para escolher indicador de variabilidade espacial conforme tipo de dado disponivel [H-08];ok;1.0;ok;sem_metrica;
H-09;Lobell DB, Thau D, Seifert C, Engle E, Little B;2015;A scalable satellite-based crop yield mapper;Remote Sensing of Environment;10.1016/j.rse.2015.04.021;https://doi.org/10.1016/j.rse.2015.04.021;sim;abstract;sim;milho e soja;EUA;Meio-Oeste (multiplos estados);talhao;Landsat + dados climaticos gridded (Google Earth Engine);pixel Landsat;multiplas safras (nd exato);mais de 17000 (milho) e mais de 11000 (soja);simulacoes de modelo de cultura (crop model) + observacoes Landsat;nd;SCYM (hibrido crop-model + estatistico);SCYM;nd;nd;nd;nd;nd;nd;vazio (fracao de variancia capturada, nao R2 classico);vazio;vazio;% variancia capturada;nao;nao;nd;nd;metrica reportada e fracao de variacao capturada, nao R2/RMSE tradicionais no abstract;novo_barato - abordagem hibrida crop-model+estatistico nao exige calibracao de campo, mas exige modelo de cultura (APSIM-like) que a Invicta nao tem hoje;Milho: 14-58% (media 35%) da variacao de produtividade capturada. Soja: media 32% [H-09];ok;1.0;ok;sem_metrica;
H-10;Barbosa dos Santos V, dos Santos AMF, Rolim GS;2021;Estimation and forecasting of soybean yield using artificial neural networks;Agronomy Journal;10.1002/agj2.20729;https://doi.org/10.1002/agj2.20729;sim;abstract;sim;soja;Brasil;MATOPIBA (MA, TO, PI, BA);regional;nenhum (dados climaticos e balanco hidrico mensais, sem RS de vegetacao);nd (municipal/regional);nd;regional (~73,2 milhoes de ha);temperatura do ar, precipitacao, radiacao global, evapotranspiracao, armazenamento de agua no solo, deficit e excedente hidrico;nd;ANN (Artificial Neural Network);ANN;nd;nd;nao;nao;nd;nd;0.88 (estimativa) / 0.86 (previsao 2 meses antes);167.85 kg/ha (estimativa) / 185.85 kg/ha (previsao);vazio;kg/ha;nao;nao;nd;nd;escala regional/municipal, sem sensoriamento remoto de vegetacao, nao intra-talhao;reusa - features climaticas mensais poderiam complementar pipeline se Invicta ingerir clima (ainda nao ingere);Previsao 2 meses antes da colheita com R2=0.86 e RMSE=185.85 kg/ha usando so clima e balanco hidrico [H-10]. Distinto do E-brasil-07 (2022, JSFA);ok;1.0;ok;confirmada_na_fonte;
H-11;von Bloh M, de Souza Noia Junior R, Wangerpohl X, Saltik AO, Haller V, Kaiser L, Asseng S;2023;Machine learning for soybean yield forecasting in Brazil;Agricultural and Forest Meteorology;10.1016/j.agrformet.2023.109670;https://doi.org/10.1016/j.agrformet.2023.109670;sim;so_metadados;sim;soja;Brasil;nd;nd;nd;nd;nd;nd;nd;nd;nd;nd;nd;nd;nd;nd;nd;nd;vazio;vazio;vazio;nd;nd;nd;nd;nd;nenhuma rota permitida devolveu abstract (ScienceDirect 403, repositorio institucional TUM bloqueado por sistema anti-bot Anubis, sem proxy usado);nd - dados insuficientes para avaliar compatibilidade;Estudo de ML para previsao de produtividade de soja no Brasil. Sem abstract acessivel pelas rotas permitidas apesar de tentativa no repositorio institucional do autor [H-11];ok;1.0;ok;sem_metrica;
H-12;Sudduth KA, Drummond ST;2007;Yield Editor: Software for Removing Errors from Crop Yield Maps;Agronomy Journal;10.2134/agronj2006.0326;https://doi.org/10.2134/agronj2006.0326;sim;abstract;sim;nd (metodologico, multi-cultura);EUA;nd;talhao;dados de colhedora (yield monitor);nd;nd;5 talhoes de teste;nd (filtros de outlier);nd;filtros automaticos + selecao manual (software Yield Editor);nd;nd;nd;nd;nd;nd;nd;vazio;vazio;vazio;nd;nao;nao;sim (software Yield Editor, disponibilizado pelos autores);nd;e trabalho metodologico sobre limpeza de dados, nao de predicao de produtividade;reusa - Invicta ja tem pipeline proprio de limpeza (colheita.py). Referencia fundacional para auditar/comparar filtros usados;10 a 50% das observacoes brutas de um talhao contem erros significativos e devem ser removidas [H-12];ok;1.0;ok;sem_metrica;
H-13;Vega A, Cordoba M, Castro-Franco M, Balzarini M;2019;Protocol for automating error removal from yield maps;Precision Agriculture;10.1007/s11119-018-09632-8;https://doi.org/10.1007/s11119-018-09632-8;sim;abstract;sim;graos (multi-cultura, nao especifica soja);nd (multiplos, nao detalhado no abstract);nd;talhao;dados de colhedora (yield monitor);nd;nd;595 datasets;nd;nd;protocolo em 2 estagios (filtro global + filtro espacial local via Moran);protocolo automatizado completo;nd;nd;sim;nao;nao;nd;vazio;vazio;vazio;% de dados removidos;nao;nao;nd;nd;abstract nao especifica quais culturas compoem os 595 datasets;reusa - Invicta ja tem pipeline de limpeza (colheita.py) com filtros de MapFilter global e local. Comparar com Moran local pode refinar;Cerca de 30% do dataset removido em media, um terco dessa remocao por outliers espaciais locais. Limpeza de outliers locais (nao globais) e o que mais afeta a estrutura espacial do mapa [H-13] | val_spatial(sim (indice de Moran local para outliers espaciais));ok;1.0;ok;sem_metrica;
H-14;Lyle G, Bryan BA, Ostendorf B;2013 (online) / 2014 (fasciculo);Post-processing methods to eliminate erroneous grain yield measurements: review and directions for future development;Precision Agriculture;10.1007/s11119-013-9336-3;https://doi.org/10.1007/s11119-013-9336-3;sim;abstract;sim;graos (revisao, multi-cultura);Australia;Western Australia (exemplos);talhao;dados de colhedora (yield monitor);nd;25 anos de literatura revisada;nd (exemplos de produtores comerciais da Australia Ocidental);nd (revisao de metodos de filtro);nd;revisao de metodos de pos-processamento;nd (recomenda sistema automatizado);nd;nd;nd;nd;nd;nd;vazio;vazio;vazio;nd;nao;nao;nd;nd;e revisao, nao apresenta metricas proprias de acuracia;reusa - cataloga fontes de erro do alvo (atraso de fluxo de graos, offset de antena GPS, operador) que complementam o pipeline de limpeza ja existente (colheita.py);Identifica 4 categorias de erro: dinamica da colhedora, medicao continua de umidade/produtividade, acuracia posicional (GNSS), erro do operador [H-14];ok;1.0;ok;sem_metrica;
